# Blender 4.2.2 LTS
# www.blender.org
mtllib flashlight.mtl
o Object_4
v 0.000345 0.006430 -0.034902
v 0.003784 0.007293 -0.034918
v 0.003784 0.007293 -0.034918
v 0.004031 0.007233 0.014732
v 0.004031 0.007233 0.014732
v 0.000591 0.006370 0.014748
v -0.003164 0.006949 -0.034884
v -0.002917 0.006889 0.014766
v -0.006206 0.008771 -0.034867
v -0.005959 0.008711 0.014783
v -0.008320 0.011618 -0.034853
v -0.008073 0.011559 0.014797
v -0.009183 0.015058 -0.034844
v -0.008936 0.014998 0.014806
v -0.008664 0.018566 -0.034843
v -0.008417 0.018507 0.014807
v -0.006842 0.021609 -0.034848
v -0.006595 0.021549 0.014802
v -0.003995 0.023723 -0.034860
v -0.003748 0.023663 0.014790
v -0.000555 0.024586 -0.034876
v -0.000308 0.024526 0.014774
v 0.002953 0.024067 -0.034894
v 0.003200 0.024007 0.014756
v 0.005996 0.022245 -0.034911
v 0.006243 0.022185 0.014739
v 0.008110 0.019397 -0.034925
v 0.008356 0.019338 0.014725
v 0.008973 0.015958 -0.034934
v 0.009220 0.015898 0.014716
v 0.008454 0.012449 -0.034935
v 0.008701 0.012390 0.014715
v 0.006632 0.009407 -0.034930
v 0.006879 0.009347 0.014720
v -0.010733 0.011385 -0.055043
v -0.009970 0.011162 -0.055047
v -0.009899 0.011145 -0.040825
v -0.010664 0.011368 -0.041282
v -0.007335 0.024246 -0.041283
v -0.007308 0.023451 -0.040823
v -0.001727 0.026093 -0.040848
v -0.002329 0.026616 -0.041305
v 0.009743 0.021031 -0.041372
v 0.009434 0.020298 -0.040910
v 0.009363 0.020316 -0.055132
v 0.009674 0.021047 -0.055133
v 0.008092 0.007840 -0.055141
v 0.010749 0.012700 -0.055148
v 0.010817 0.012683 -0.041387
v 0.008161 0.007823 -0.041380
v 0.000933 0.004896 -0.055109
v 0.000933 0.004896 -0.055109
v 0.007300 0.007910 -0.055137
v 0.007371 0.007893 -0.040915
v 0.001004 0.004878 -0.040887
v 0.001004 0.004878 -0.040887
v -0.005064 0.006021 -0.040855
v -0.005135 0.006038 -0.055077
v -0.010687 0.017270 -0.040814
v -0.007379 0.023468 -0.055045
v -0.010758 0.017287 -0.055036
v 0.005196 0.024790 -0.040884
v 0.005125 0.024807 -0.055106
v -0.001798 0.026111 -0.055070
v 0.010333 0.013312 -0.040923
v 0.010262 0.013329 -0.055145
v -0.011372 0.016861 -0.041272
v -0.011440 0.016878 -0.055033
v -0.002397 0.026633 -0.055066
v -0.007403 0.024263 -0.055044
v 0.005873 0.025076 -0.055109
v 0.005942 0.025059 -0.041348
v -0.004957 0.005263 -0.055079
v 0.000486 0.004238 -0.055107
v 0.000554 0.004222 -0.041346
v -0.004889 0.005247 -0.041318
v 0.007391 0.019277 -0.040901
v 0.004058 0.022810 -0.040880
v 0.005769 0.009520 -0.040905
v 0.008098 0.013782 -0.040911
v -0.007814 0.012078 -0.040834
v -0.004012 0.008048 -0.040858
v -0.005777 0.021757 -0.040833
v -0.008434 0.016895 -0.040825
v -0.001387 0.023835 -0.040852
v 0.000761 0.007149 -0.040883
v 0.000761 0.007149 -0.040883
v 0.004448 0.006586 0.036209
v 0.004448 0.006586 0.036209
v 0.005185 0.004997 0.036203
v 0.005185 0.004997 0.036203
v 0.008798 0.007680 0.036189
v 0.007575 0.008914 0.036196
v 0.011110 0.011541 0.036182
v 0.009593 0.012284 0.036190
v 0.011769 0.015993 0.036184
v 0.010167 0.016168 0.036192
v 0.010674 0.020358 0.036195
v 0.009211 0.019977 0.036201
v 0.004597 0.026096 0.024718
v 0.004654 0.026083 0.036231
v 0.007988 0.023975 0.036212
v 0.007931 0.023989 0.024699
v 0.011053 0.011555 0.024668
v 0.011712 0.016007 0.024670
v 0.006868 0.023133 0.036217
v 0.005127 0.005011 0.024690
v 0.005127 0.005011 0.024690
v 0.008741 0.007694 0.024675
v 0.003959 0.024972 0.036234
v 0.002342 0.027025 0.036244
v 0.001941 0.025794 0.036245
v -0.002559 0.026610 0.036268
v 0.001281 0.028212 0.035679
v -0.003177 0.027229 0.035846
v -0.000268 0.028609 0.035141
v -0.002335 0.025432 0.036265
v -0.004687 0.025847 0.036278
v -0.004166 0.024779 0.036274
v -0.000815 0.027933 0.030504
v -0.001167 0.028559 0.030507
v -0.001684 0.028306 0.032692
v -0.001338 0.027678 0.032714
v -0.003120 0.027620 0.034296
v -0.002791 0.026984 0.034337
v -0.005090 0.026685 0.034889
v -0.004784 0.026038 0.034937
v -0.002319 0.028616 0.032441
v -0.003588 0.028010 0.033858
v -0.001862 0.028839 0.030511
v -0.005348 0.027189 0.030526
v -0.005329 0.027184 0.034383
v 0.002284 0.027039 0.024730
v 0.001229 0.028224 0.025309
v 0.000819 0.003902 0.036224
v 0.000639 0.005630 0.036227
v -0.003633 0.004560 0.036247
v -0.003245 0.006205 0.036247
v -0.007494 0.006872 0.036269
v -0.006615 0.008223 0.036266
v -0.010177 0.010486 0.036286
v -0.008955 0.011376 0.036281
v -0.007551 0.006886 0.024755
v -0.003690 0.004574 0.024733
v -0.010847 0.018784 0.024786
v -0.010790 0.018770 0.036299
v -0.010053 0.021156 0.036299
v -0.010110 0.021170 0.024785
v -0.011272 0.014856 0.036297
v -0.009911 0.015188 0.036291
v 0.000762 0.003916 0.024710
v -0.009490 0.018604 0.036293
v -0.008847 0.020686 0.036292
v -0.011329 0.014870 0.024783
v -0.006717 0.025553 0.035862
v -0.010303 0.022727 0.035730
v -0.006626 0.024684 0.036286
v -0.009633 0.024175 0.035182
v -0.005858 0.023764 0.036281
v -0.000314 0.028620 0.025863
v -0.008518 0.025070 0.032722
v -0.009058 0.024823 0.030541
v -0.008797 0.024154 0.030539
v -0.008251 0.024404 0.032745
v -0.007066 0.025752 0.034313
v -0.006782 0.025094 0.034354
v -0.007074 0.026359 0.033873
v -0.008357 0.025757 0.032468
v -0.008834 0.025538 0.030541
v -0.010354 0.022739 0.025360
v 0.004386 0.006601 0.023641
v 0.004386 0.006601 0.023641
v 0.007513 0.008930 0.023628
v 0.009530 0.012299 0.023622
v 0.010105 0.016184 0.023624
v 0.010616 0.020372 0.024681
v 0.009149 0.019992 0.023633
v -0.009679 0.024186 0.025904
v 0.006805 0.023148 0.023649
v 0.003897 0.024987 0.023665
v 0.001879 0.025809 0.023676
v -0.002616 0.026624 0.024754
v -0.003230 0.027242 0.025183
v -0.002397 0.025447 0.023697
v -0.004745 0.025861 0.024764
v -0.004228 0.024794 0.023705
v -0.001706 0.028311 0.028326
v -0.001360 0.027683 0.028298
v -0.003158 0.027629 0.026734
v -0.002829 0.026993 0.026688
v -0.005134 0.026696 0.026158
v -0.004828 0.026049 0.026105
v -0.003621 0.028018 0.027177
v -0.002338 0.028620 0.028583
v -0.005367 0.027193 0.026668
v 0.000577 0.005646 0.023658
v -0.003308 0.006220 0.023678
v -0.006677 0.008238 0.023698
v -0.010234 0.010500 0.024773
v -0.009018 0.011391 0.023713
v -0.009974 0.015204 0.023722
v -0.009552 0.018619 0.023724
v -0.008910 0.020701 0.023724
v -0.006770 0.025566 0.025199
v -0.006684 0.024698 0.024772
v -0.005920 0.023779 0.023713
v -0.008540 0.025075 0.028356
v -0.008273 0.024410 0.028328
v -0.007104 0.025761 0.026752
v -0.006820 0.025103 0.026706
v -0.008376 0.025761 0.028610
v -0.007107 0.026367 0.027193
v -0.005000 0.026404 0.025191
v -0.004947 0.026391 0.035854
v 0.013745 0.008089 0.065822
v 0.015319 0.015048 0.065823
v 0.015209 0.013523 0.067807
v 0.013756 0.008087 0.068023
v 0.008763 0.003081 0.065841
v 0.009910 0.003891 0.067822
v 0.006838 0.001653 0.052230
v 0.006838 0.001653 0.052230
v 0.011607 0.005418 0.052211
v 0.012390 0.006115 0.058445
v 0.006881 0.001643 0.060896
v 0.006881 0.001643 0.060896
v 0.011761 0.009272 0.055500
v 0.013720 0.008095 0.060870
v 0.014821 0.011299 0.052202
v 0.014606 0.010138 0.058486
v 0.015417 0.017346 0.052206
v 0.015460 0.017335 0.060873
v 0.014814 0.011674 0.042547
v 0.015369 0.017357 0.042551
v 0.011288 0.009397 0.042561
v 0.011273 0.004777 0.042556
v 0.006790 0.001665 0.042574
v 0.006790 0.001665 0.042574
v 0.006906 0.001637 0.065848
v 0.006906 0.001637 0.065848
v 0.015484 0.017329 0.065824
v 0.007664 0.004697 0.065848
v 0.009335 0.004587 0.067826
v 0.013318 0.015093 0.065833
v 0.013216 0.017037 0.065835
v 0.005927 0.003704 0.065856
v 0.005927 0.003704 0.065856
v 0.012948 0.008528 0.068027
v 0.014313 0.013636 0.067812
v 0.011738 0.009187 0.065906
v 0.013152 0.017075 0.041032
v 0.012540 0.010812 0.041028
v 0.010612 0.007000 0.041033
v 0.005829 0.003680 0.041052
v 0.005829 0.003680 0.041052
v 0.010386 0.009591 0.041037
v 0.011461 0.025827 0.065855
v 0.005330 0.029475 0.065890
v 0.006750 0.028888 0.067868
v 0.011472 0.025825 0.068055
v 0.014685 0.019541 0.065831
v 0.014273 0.020872 0.067821
v 0.013309 0.023044 0.052224
v 0.012904 0.023970 0.058464
v 0.009700 0.024364 0.055528
v 0.011436 0.025833 0.060903
v 0.008710 0.027919 0.052252
v 0.009762 0.027321 0.058531
v 0.003143 0.030354 0.052283
v 0.003186 0.030343 0.060949
v 0.008329 0.028081 0.042599
v 0.003095 0.030365 0.042627
v 0.009405 0.024024 0.042588
v 0.013794 0.022582 0.042565
v 0.003211 0.030337 0.065901
v 0.012808 0.018996 0.065840
v 0.013434 0.020540 0.067825
v 0.004668 0.027586 0.065891
v 0.002788 0.028089 0.065901
v 0.010802 0.025193 0.068058
v 0.006366 0.028071 0.067869
v 0.009798 0.024257 0.065934
v 0.002675 0.028178 0.041098
v 0.008442 0.025661 0.041066
v 0.011472 0.022649 0.041047
v 0.008938 0.023235 0.041060
v -0.006114 0.029136 0.065946
v -0.011478 0.024432 0.065967
v -0.010477 0.025591 0.067950
v -0.006103 0.029134 0.068147
v 0.000860 0.030260 0.065913
v -0.000528 0.030269 0.067906
v -0.002927 0.030110 0.052313
v -0.003919 0.029975 0.058555
v -0.005290 0.027067 0.055606
v -0.006139 0.029142 0.060994
v -0.008985 0.027242 0.052340
v -0.008076 0.028023 0.058621
v -0.013020 0.022700 0.052354
v -0.012977 0.022690 0.061021
v -0.009279 0.026983 0.042685
v -0.013068 0.022712 0.042698
v -0.005088 0.026753 0.042664
v -0.002360 0.030482 0.042655
v -0.012953 0.022684 0.065972
v 0.000799 0.028306 0.065911
v -0.000471 0.029368 0.067904
v -0.009886 0.023220 0.065958
v -0.010946 0.021587 0.065961
v -0.005709 0.028302 0.068144
v -0.009818 0.024973 0.067946
v -0.005135 0.027069 0.066012
v -0.011121 0.021645 0.041158
v -0.006946 0.026352 0.041143
v -0.003145 0.028302 0.041127
v -0.004486 0.026074 0.041131
v -0.014693 0.013444 0.065970
v -0.011876 0.006889 0.065948
v -0.012664 0.008188 0.067940
v -0.014682 0.013441 0.068170
v -0.013606 0.020424 0.065973
v -0.014039 0.019096 0.067960
v -0.014665 0.016851 0.052355
v -0.014829 0.015832 0.058592
v -0.012493 0.013645 0.055625
v -0.014717 0.013450 0.061018
v -0.013809 0.010204 0.052343
v -0.014257 0.011275 0.058631
v -0.010737 0.004962 0.052322
v -0.010694 0.004952 0.060988
v -0.013676 0.009898 0.042686
v -0.010785 0.004974 0.042666
v -0.012162 0.013813 0.042683
v -0.014866 0.017560 0.042701
v -0.010669 0.004946 0.065940
v -0.011767 0.019762 0.065963
v -0.013165 0.018871 0.067955
v -0.010231 0.008028 0.065941
v -0.009005 0.006516 0.065933
v -0.013769 0.013559 0.068166
v -0.011873 0.008624 0.067936
v -0.012424 0.013736 0.066032
v -0.009172 0.006505 0.041130
v -0.012358 0.011931 0.041153
v -0.013039 0.016148 0.041161
v -0.011333 0.014184 0.041150
v -0.002419 0.000436 0.065893
v 0.004685 0.001089 0.065859
v 0.003211 0.000730 0.067852
v -0.002408 0.000433 0.068094
v -0.008722 0.003626 0.065928
v -0.007588 0.002793 0.067908
v -0.005682 0.001591 0.052292
v -0.004750 0.001085 0.058524
v -0.001955 0.002648 0.055560
v -0.002444 0.000442 0.060941
v 0.000904 0.000351 0.052258
v -0.000238 0.000221 0.058548
v 0.001214 0.000436 0.042601
v -0.002041 0.003086 0.042620
v -0.006440 0.001673 0.042640
v -0.007524 0.005171 0.065924
v -0.007104 0.003555 0.067906
v 0.004110 0.003006 0.065864
v -0.002238 0.001338 0.068094
v 0.003041 0.001617 0.067854
v -0.001995 0.002684 0.065967
v -0.000315 0.002326 0.041081
v -0.004537 0.002983 0.041103
v -0.002142 0.003998 0.041092
v -0.004117 0.025248 0.041128
v -0.009475 0.020745 0.041149
v -0.010434 0.014280 0.041146
v -0.001955 0.004882 0.041092
v -0.007807 0.007793 0.041125
v 0.005026 0.005376 0.041058
v 0.005026 0.005376 0.041058
v 0.011290 0.016835 0.041041
v 0.009603 0.010043 0.041041
v 0.002328 0.026333 0.041097
v 0.008267 0.022630 0.041063
v -0.009890 0.023221 0.065139
v -0.010950 0.021588 0.065142
v 0.013212 0.017038 0.065016
v 0.012804 0.018997 0.065021
v -0.011771 0.019763 0.065144
v -0.012428 0.013737 0.065140
v 0.000795 0.028307 0.065092
v -0.005139 0.027070 0.065120
v 0.002784 0.028090 0.065081
v -0.010235 0.008029 0.065122
v -0.009010 0.006517 0.065114
v 0.004664 0.027587 0.065071
v 0.004106 0.003007 0.065045
v 0.005923 0.003705 0.065036
v 0.005923 0.003705 0.065036
v 0.011734 0.009188 0.065014
v 0.013314 0.015094 0.065013
v 0.009793 0.024258 0.065042
v -0.002000 0.002685 0.065075
v -0.007528 0.005172 0.065105
v 0.007660 0.004698 0.065029
v 0.011981 0.013205 0.065018
v 0.010739 0.009731 0.065020
v 0.008485 0.006810 0.065027
v 0.005438 0.004729 0.065040
v 0.005438 0.004729 0.065040
v 0.001898 0.003691 0.065056
v -0.001790 0.003798 0.065075
v -0.005265 0.005040 0.065094
v -0.008185 0.007294 0.065111
v -0.010266 0.010341 0.065125
v -0.011304 0.013882 0.065134
v -0.011197 0.017570 0.065138
v -0.009956 0.021044 0.065136
v -0.007701 0.023965 0.065129
v -0.004655 0.026046 0.065116
v -0.001114 0.027084 0.065100
v 0.002574 0.026977 0.065081
v 0.006048 0.025735 0.065062
v 0.008969 0.023481 0.065045
v 0.011050 0.020434 0.065031
v 0.012088 0.016893 0.065022
v 0.011044 0.020436 0.063878
v 0.008963 0.023482 0.063892
v -0.011203 0.017571 0.063985
v -0.011310 0.013883 0.063981
v 0.006043 0.025737 0.063909
v -0.010272 0.010342 0.063971
v 0.002568 0.026978 0.063928
v 0.005433 0.004731 0.063887
v 0.005433 0.004731 0.063887
v 0.008479 0.006812 0.063874
v -0.008191 0.007296 0.063957
v -0.001120 0.027085 0.063946
v 0.010734 0.009732 0.063866
v -0.005270 0.005041 0.063940
v -0.004660 0.026047 0.063962
v 0.011975 0.013207 0.063864
v -0.001796 0.003800 0.063921
v -0.007707 0.023966 0.063975
v 0.012082 0.016895 0.063868
v 0.001892 0.003693 0.063903
v -0.009961 0.021045 0.063983
v -0.000743 0.003091 0.039139
v 0.005556 0.004240 0.039109
v 0.005556 0.004240 0.039109
v 0.005566 0.004237 0.041074
v 0.005566 0.004237 0.041074
v -0.000733 0.003089 0.041104
v -0.006772 0.005245 0.039171
v -0.006762 0.005243 0.041137
v -0.010916 0.010126 0.039198
v -0.010906 0.010123 0.041163
v -0.012065 0.016424 0.039211
v -0.012055 0.016422 0.041176
v -0.009910 0.022454 0.039208
v -0.009900 0.022451 0.041173
v -0.005030 0.026598 0.039188
v -0.005020 0.026595 0.041154
v 0.001269 0.027747 0.039158
v 0.001278 0.027744 0.041124
v 0.007298 0.025592 0.039126
v 0.007307 0.025590 0.041091
v 0.011442 0.020712 0.039099
v 0.011452 0.020709 0.041065
v 0.012591 0.014413 0.039086
v 0.012600 0.014411 0.041051
v 0.010436 0.008384 0.039089
v 0.010446 0.008382 0.041055
v 0.004944 0.005500 0.035774
v 0.004944 0.005500 0.035774
v 0.009276 0.009179 0.035756
v 0.011188 0.014530 0.035753
v 0.010169 0.020121 0.035765
v 0.006490 0.024453 0.035789
v 0.001139 0.026365 0.035818
v -0.004452 0.025345 0.035844
v -0.008783 0.021667 0.035861
v -0.010696 0.016315 0.035864
v -0.009676 0.010725 0.035853
v -0.005998 0.006393 0.035829
v -0.000646 0.004481 0.035800
v -0.000943 0.005618 -0.040946
v 0.004114 0.006540 -0.040970
v 0.004114 0.006540 -0.040970
v 0.004145 0.006533 -0.034790
v 0.004145 0.006533 -0.034790
v -0.000912 0.005611 -0.034766
v 0.000672 0.025412 -0.040930
v -0.004385 0.024490 -0.040906
v -0.004354 0.024483 -0.034726
v 0.000703 0.025405 -0.034750
v -0.008303 0.021163 -0.040890
v -0.008272 0.021156 -0.034711
v -0.010032 0.016323 -0.040887
v -0.010002 0.016315 -0.034708
v -0.009110 0.011266 -0.040898
v -0.009079 0.011258 -0.034719
v -0.005783 0.007348 -0.040919
v -0.005752 0.007340 -0.034740
v 0.008032 0.009867 -0.040985
v 0.009762 0.014708 -0.040988
v 0.009793 0.014700 -0.034808
v 0.008063 0.009860 -0.034806
v 0.008840 0.019765 -0.040977
v 0.008870 0.019757 -0.034798
v 0.005513 0.023683 -0.040956
v 0.005543 0.023675 -0.034776
v -0.005567 0.007603 -0.034079
v -0.008786 0.011395 -0.034058
v 0.008584 0.019619 -0.034135
v 0.009477 0.014726 -0.034145
v -0.004213 0.024192 -0.034066
v 0.000680 0.025085 -0.034089
v -0.009679 0.016288 -0.034048
v 0.007803 0.010041 -0.034142
v 0.005364 0.023411 -0.034114
v -0.008005 0.020972 -0.034051
v 0.004011 0.006822 -0.034127
v 0.004011 0.006822 -0.034127
v -0.000883 0.005929 -0.034104
v 0.008909 0.014772 -0.034142
v 0.008069 0.019376 -0.034133
v 0.000634 0.024517 -0.034089
v -0.003970 0.023678 -0.034068
v -0.009112 0.016242 -0.034051
v -0.008272 0.011638 -0.034061
v 0.007334 0.010365 -0.034140
v -0.000836 0.006496 -0.034104
v 0.003767 0.007336 -0.034126
v 0.003767 0.007336 -0.034126
v 0.005041 0.022943 -0.034113
v -0.007537 0.020649 -0.034053
v -0.005243 0.008071 -0.034080
v 0.007663 0.010247 0.014452
v 0.008249 0.009844 0.015756
v 0.004362 0.006543 0.015771
v 0.004362 0.006543 0.015771
v 0.004054 0.007182 0.014467
v 0.004054 0.007182 0.014467
v 0.004887 0.005520 0.025004
v 0.004887 0.005520 0.025004
v 0.004851 0.005552 0.020110
v 0.004851 0.005552 0.020110
v 0.009168 0.009218 0.020093
v 0.009216 0.009196 0.024987
v 0.008305 0.009813 0.018858
v 0.009965 0.014646 0.015753
v 0.010029 0.014638 0.018856
v 0.000967 0.025310 0.018914
v 0.000948 0.025265 0.015811
v -0.004069 0.024351 0.015835
v -0.004074 0.024391 0.018938
v 0.009050 0.019663 0.015764
v 0.009110 0.019680 0.018866
v -0.008785 0.011207 0.018945
v -0.008757 0.011231 0.015842
v -0.005456 0.007344 0.015821
v -0.005468 0.007301 0.018924
v -0.007956 0.021050 0.015850
v -0.007980 0.021074 0.018953
v 0.005750 0.023550 0.015785
v 0.005793 0.023586 0.018888
v -0.000654 0.005628 0.015795
v -0.000643 0.005576 0.018898
v -0.009672 0.016248 0.015853
v -0.009705 0.016248 0.018956
v 0.004399 0.006496 0.018874
v 0.004399 0.006496 0.018874
v -0.007025 0.012056 0.014528
v -0.008126 0.011535 0.014532
v -0.008975 0.016192 0.014542
v -0.007762 0.016093 0.014536
v -0.003773 0.023715 0.014525
v 0.000884 0.024564 0.014503
v 0.009256 0.014705 0.014450
v 0.008407 0.019362 0.014460
v -0.005061 0.007926 0.014513
v -0.007382 0.020650 0.014540
v 0.005342 0.022971 0.014479
v -0.000603 0.006333 0.014489
v -0.000721 0.004536 0.020137
v -0.010737 0.016331 0.020201
v -0.009721 0.010759 0.020189
v 0.001058 0.026348 0.020154
v -0.004514 0.025331 0.020180
v 0.011074 0.014552 0.020090
v 0.010058 0.020124 0.020102
v -0.006055 0.006442 0.020165
v -0.008831 0.021665 0.020197
v 0.006392 0.024442 0.020125
v 0.011127 0.014544 0.024984
v 0.010108 0.020131 0.024996
v 0.006432 0.024459 0.025019
v 0.001085 0.026370 0.025048
v -0.004502 0.025351 0.025075
v -0.008831 0.021675 0.025092
v -0.010741 0.016328 0.025095
v -0.009723 0.010741 0.025083
v -0.006047 0.006412 0.025060
v -0.000699 0.004501 0.025031
v -0.003252 0.022614 0.014521
v 0.000785 0.023351 0.014502
v 0.007306 0.018841 0.014464
v 0.008043 0.014804 0.014456
v -0.004369 0.008927 0.014511
v -0.006381 0.019958 0.014534
v 0.004650 0.021970 0.014481
v -0.000504 0.007546 0.014490
v 0.006662 0.010939 0.014458
v 0.003533 0.008283 0.014470
v 0.003533 0.008283 0.014470
v -0.010228 0.010069 -0.060256
v -0.008513 0.007724 -0.060267
v -0.008488 0.007718 -0.055085
v -0.010202 0.010063 -0.055074
v -0.011525 0.014084 -0.060245
v -0.011499 0.014078 -0.055062
v -0.011306 0.018179 -0.060241
v -0.011280 0.018173 -0.055058
v -0.010223 0.021000 -0.060243
v -0.010197 0.020994 -0.055060
v -0.008590 0.017666 -0.055072
v -0.008784 0.014428 -0.055075
v -0.008023 0.011831 -0.055082
v -0.006496 0.009597 -0.055093
v -0.007795 0.019681 -0.055074
v -0.008064 0.008148 -0.060269
v -0.009930 0.010384 -0.060257
v -0.010865 0.018105 -0.060243
v -0.009680 0.020704 -0.060246
v -0.011196 0.014130 -0.061834
v -0.010296 0.011226 -0.061842
v -0.011332 0.011265 -0.061783
v -0.012214 0.013998 -0.061775
v -0.007670 0.014574 -0.056517
v -0.011082 0.014141 -0.060247
v -0.007486 0.017459 -0.056515
v -0.006810 0.019140 -0.056516
v -0.005681 0.010374 -0.056532
v -0.007008 0.012317 -0.056523
v -0.000213 0.015534 -0.056553
v -0.011027 0.017230 -0.061831
v -0.012055 0.016981 -0.061773
v -0.010658 0.010018 -0.060462
v -0.012098 0.014010 -0.060279
v -0.011927 0.018079 -0.060341
v 0.001881 0.004341 -0.060323
v 0.004641 0.005247 -0.060336
v 0.004641 0.005247 -0.060336
v 0.004667 0.005241 -0.055153
v 0.004667 0.005241 -0.055153
v 0.001906 0.004335 -0.055141
v -0.002339 0.004348 -0.060302
v -0.002313 0.004342 -0.055120
v -0.006165 0.005822 -0.060281
v -0.006139 0.005816 -0.055099
v -0.004826 0.008218 -0.055103
v -0.001806 0.007033 -0.055119
v 0.000899 0.006954 -0.055133
v 0.003495 0.007715 -0.055144
v 0.003495 0.007715 -0.055144
v 0.004377 0.005806 -0.060334
v 0.004377 0.005806 -0.060334
v 0.001674 0.004722 -0.060322
v -0.005958 0.006219 -0.060282
v -0.002284 0.004684 -0.061889
v 0.000756 0.004642 -0.061905
v 0.000399 0.003669 -0.061851
v -0.002473 0.003674 -0.061836
v -0.001604 0.008145 -0.056555
v -0.002256 0.004788 -0.060302
v -0.004291 0.009212 -0.056540
v 0.003004 0.008739 -0.056577
v 0.003004 0.008739 -0.056577
v 0.000747 0.008077 -0.056567
v -0.005180 0.005803 -0.061874
v -0.005260 0.004748 -0.061821
v 0.001796 0.003917 -0.060531
v -0.002445 0.003781 -0.060340
v -0.006262 0.005201 -0.060384
v 0.011071 0.014087 -0.060357
v 0.011062 0.016993 -0.060354
v 0.011088 0.016986 -0.055171
v 0.011096 0.014081 -0.055175
v 0.009760 0.010077 -0.060355
v 0.009786 0.010070 -0.055173
v 0.007176 0.006893 -0.060346
v 0.007201 0.006886 -0.055164
v 0.005323 0.008878 -0.055152
v 0.007383 0.011384 -0.055159
v 0.008294 0.013932 -0.055161
v 0.008372 0.016637 -0.055158
v 0.010449 0.016914 -0.060351
v 0.010644 0.014008 -0.060355
v 0.006862 0.007212 -0.060344
v 0.009454 0.010241 -0.061941
v 0.010433 0.013120 -0.061942
v 0.011248 0.012479 -0.061894
v 0.010356 0.009749 -0.061893
v 0.006384 0.011928 -0.056590
v 0.009368 0.010291 -0.060353
v 0.004540 0.009702 -0.056584
v 0.007244 0.016494 -0.056589
v 0.007176 0.014143 -0.056591
v 0.007495 0.007832 -0.061934
v 0.008473 0.007430 -0.061886
v 0.011447 0.013877 -0.060567
v 0.010267 0.009800 -0.060396
v 0.007736 0.006609 -0.060452
v 0.004641 0.025839 -0.060311
v 0.001876 0.026729 -0.060296
v 0.001901 0.026722 -0.055114
v 0.004667 0.025833 -0.055129
v 0.008050 0.023353 -0.060331
v 0.008076 0.023347 -0.055148
v 0.010280 0.019912 -0.060346
v 0.010306 0.019905 -0.055164
v 0.007831 0.018734 -0.055153
v 0.006085 0.021468 -0.055141
v 0.003943 0.023121 -0.055128
v 0.001395 0.024032 -0.055114
v 0.001761 0.026121 -0.060296
v 0.004585 0.025409 -0.060311
v 0.009880 0.019712 -0.060344
v 0.007796 0.023122 -0.061917
v 0.005361 0.024943 -0.061903
v 0.006222 0.025520 -0.061853
v 0.008542 0.023827 -0.061867
v 0.005255 0.020694 -0.056574
v 0.007725 0.023046 -0.060330
v 0.006802 0.018252 -0.056585
v 0.001178 0.022923 -0.056551
v 0.003393 0.022131 -0.056563
v 0.009482 0.020514 -0.061929
v 0.010167 0.021320 -0.061878
v 0.004957 0.026133 -0.060520
v 0.008470 0.023750 -0.060370
v 0.010723 0.020358 -0.060450
v -0.008522 0.023356 -0.060249
v -0.008496 0.023350 -0.055066
v -0.005104 0.025830 -0.060263
v -0.005078 0.025824 -0.055080
v -0.001142 0.026887 -0.060281
v -0.001116 0.026881 -0.055098
v -0.000767 0.024165 -0.055104
v -0.003907 0.023349 -0.055089
v -0.006141 0.021823 -0.055080
v -0.008131 0.023169 -0.060251
v -0.001076 0.026445 -0.060282
v -0.004967 0.025525 -0.061851
v -0.007451 0.023772 -0.061841
v -0.007733 0.024769 -0.061785
v -0.005407 0.026453 -0.061794
v -0.003430 0.022329 -0.056529
v -0.004913 0.025426 -0.060264
v -0.000630 0.023046 -0.056542
v -0.005373 0.021002 -0.056521
v -0.001966 0.026323 -0.061865
v -0.002521 0.027223 -0.061808
v -0.008704 0.023749 -0.060455
v -0.005352 0.026352 -0.060298
v -0.001430 0.027446 -0.060381
v -0.009074 0.021880 0.041168
v -0.011054 0.016340 0.041171
v -0.009998 0.010553 0.041159
v 0.005136 0.005145 0.041077
v 0.005136 0.005145 0.041077
v 0.009620 0.008953 0.041060
v -0.006191 0.006069 0.041135
v 0.011599 0.014492 0.041056
v -0.000651 0.004090 0.041105
v 0.010544 0.020280 0.041069
v 0.006736 0.024764 0.041093
v 0.001197 0.026743 0.041123
v -0.004590 0.025688 0.041150
v 0.006077 0.003371 0.064005
v 0.006077 0.003371 0.064005
v 0.010258 0.024703 0.064010
v 0.010258 0.024703 0.064010
v 0.013574 0.017087 0.063984
v 0.013574 0.017087 0.063984
v 0.012295 0.008879 0.063981
v 0.012295 0.008879 0.063981
v -0.002125 0.002051 0.064044
v -0.002125 0.002051 0.064044
v 0.002847 0.028456 0.064051
v 0.002847 0.028456 0.064051
v -0.009284 0.006264 0.064085
v -0.009284 0.006264 0.064085
v -0.005421 0.027655 0.064092
v -0.005421 0.027655 0.064092
v -0.013074 0.013656 0.064113
v -0.013074 0.013656 0.064113
v -0.011280 0.021767 0.064114
v -0.011280 0.021767 0.064114
v 0.013578 0.017086 0.064650
v 0.013578 0.017086 0.064650
v 0.010261 0.024702 0.064676
v 0.010261 0.024702 0.064676
v 0.006080 0.003370 0.064671
v 0.006080 0.003370 0.064671
v 0.012299 0.008878 0.064647
v 0.012299 0.008878 0.064647
v 0.002850 0.028455 0.064717
v 0.002850 0.028455 0.064717
v -0.002121 0.002051 0.064710
v -0.002121 0.002051 0.064710
v -0.005418 0.027654 0.064758
v -0.005418 0.027654 0.064758
v -0.009281 0.006263 0.064751
v -0.009281 0.006263 0.064751
v -0.011277 0.021766 0.064780
v -0.011277 0.021766 0.064780
v -0.013070 0.013655 0.064779
v -0.013070 0.013655 0.064779
v 0.006019 0.003492 0.063882
v 0.001752 0.012422 0.054939
v -0.000767 0.012297 0.054951
v -0.004043 0.002993 0.063932
v -0.002636 0.013990 0.054962
v -0.011511 0.009756 0.063977
v -0.002761 0.016509 0.054966
v -0.012010 0.019818 0.063992
v -0.001068 0.018378 0.054960
v -0.005247 0.027286 0.063967
v 0.001450 0.018503 0.054947
v 0.004816 0.027785 0.063917
v 0.003320 0.016810 0.054936
v 0.012283 0.021022 0.063872
v 0.003444 0.014291 0.054932
v 0.012782 0.010960 0.063858
v 0.000351 0.015397 0.056840
v 0.001751 0.012422 0.054808
v -0.000768 0.012297 0.054820
v 0.000341 0.015400 0.054818
v 0.003444 0.014291 0.054802
v 0.001450 0.018503 0.054817
v 0.003319 0.016810 0.054805
v -0.002637 0.013990 0.054832
v -0.002762 0.016509 0.054835
v -0.001069 0.018378 0.054829
v -0.010829 0.007512 -0.038539
v -0.010395 0.007716 -0.038797
v -0.012664 0.012509 -0.038780
v -0.012664 0.012509 -0.038780
v -0.013097 0.012302 -0.038522
v -0.013097 0.012302 -0.038522
v -0.010565 0.008243 0.013810
v -0.012220 0.011738 0.013822
v -0.010856 0.013197 0.010173
v -0.008582 0.008394 0.010156
v -0.010834 0.013244 0.002190
v -0.010834 0.013244 0.002190
v -0.009818 0.013712 0.006300
v -0.009818 0.013712 0.006300
v -0.007537 0.008894 0.006283
v -0.008554 0.008428 0.002173
v -0.009985 0.007911 -0.038551
v -0.012253 0.012701 -0.038534
v -0.012253 0.012701 -0.038534
v -0.010571 0.007496 -0.001691
v -0.012844 0.012297 -0.001674
v -0.012844 0.012297 -0.001674
v -0.011568 0.013049 -0.038864
v -0.011493 0.013032 -0.032050
v -0.009230 0.008252 -0.032067
v -0.009283 0.008222 -0.038881
v -0.007918 0.008701 0.010399
v -0.010198 0.013515 0.010416
v -0.010198 0.013515 0.010416
v -0.011622 0.012021 0.014176
v -0.011622 0.012021 0.014176
v -0.009967 0.008524 0.014164
v -0.011518 0.007164 -0.038871
v -0.013803 0.011991 -0.038853
v -0.012671 0.012529 -0.039516
v -0.010386 0.007703 -0.039533
v -0.010502 0.013380 0.006369
v -0.011451 0.012945 0.002512
v -0.009175 0.008139 0.002495
v -0.008227 0.008575 0.006352
v -0.013527 0.011984 -0.001442
v -0.011245 0.007164 -0.001460
v -0.009854 0.007922 -0.031356
v -0.006511 0.009507 -0.032055
v -0.006507 0.009506 -0.031287
v -0.012142 0.012754 -0.031339
v -0.012142 0.012754 -0.031339
v -0.008795 0.014338 -0.031269
v -0.008795 0.014338 -0.031269
v -0.008799 0.014339 -0.032038
v -0.008640 0.011449 -0.029987
v -0.009601 0.016203 -0.029977
v -0.009618 0.016207 -0.033503
v -0.008658 0.011454 -0.033514
v -0.008032 0.020758 -0.029979
v -0.008050 0.020762 -0.033506
v -0.004318 0.023913 -0.029994
v -0.004335 0.023917 -0.033520
v 0.000810 0.024981 -0.030018
v 0.000792 0.024985 -0.033545
v 0.001951 0.024882 -0.030024
v 0.001934 0.024886 -0.033550
v 0.002576 0.025652 -0.032829
v 0.002586 0.025650 -0.030750
v -0.005589 0.007698 -0.033534
v -0.005572 0.007694 -0.030007
v -0.001054 0.006020 -0.030032
v -0.001072 0.006024 -0.033558
v 0.003740 0.006895 -0.030054
v 0.003722 0.006899 -0.033581
v 0.007816 0.010184 -0.030071
v 0.007798 0.010188 -0.033597
v 0.008445 0.011134 -0.033599
v 0.008463 0.011130 -0.030073
v 0.009446 0.011140 -0.032881
v 0.009457 0.011138 -0.030801
v 0.002132 0.024143 -0.030027
v 0.002132 0.024143 -0.030027
v 0.002114 0.024147 -0.033550
v 0.002114 0.024147 -0.033550
v 0.003177 0.025188 -0.032808
v 0.003187 0.025186 -0.030778
v 0.009479 0.011897 -0.030826
v 0.009469 0.011900 -0.032855
v 0.007988 0.011742 -0.033595
v 0.007988 0.011742 -0.033595
v 0.008006 0.011737 -0.030071
v 0.008006 0.011737 -0.030071
v 0.000824 0.024336 -0.030020
v -0.004007 0.023746 -0.029996
v 0.000806 0.024341 -0.033544
v -0.008194 0.011673 -0.033516
v -0.009199 0.016249 -0.033506
v -0.007609 0.020699 -0.033508
v -0.009181 0.016244 -0.029979
v -0.008176 0.011669 -0.029989
v -0.007591 0.020695 -0.029981
v -0.004025 0.023750 -0.033522
v 0.007326 0.010603 -0.030069
v 0.003808 0.007240 -0.030054
v 0.007308 0.010607 -0.033593
v -0.005292 0.007996 -0.033535
v -0.000841 0.006406 -0.033559
v -0.005274 0.007992 -0.030008
v -0.000823 0.006401 -0.030032
v 0.003790 0.007245 -0.033581
vn 0.0495 -0.9988 -0.0014
vn 0.4279 -0.9038 -0.0032
vn -0.3365 -0.9417 0.0005
vn -0.6712 -0.7412 0.0024
vn -0.9038 -0.4279 0.0040
vn -0.9988 -0.0495 0.0049
vn -0.9417 0.3365 0.0051
vn -0.7412 0.6712 0.0045
vn -0.4279 0.9038 0.0032
vn -0.0495 0.9988 0.0014
vn 0.3365 0.9417 -0.0005
vn 0.6712 0.7412 -0.0024
vn 0.9038 0.4279 -0.0040
vn 0.9988 0.0495 -0.0049
vn 0.9417 -0.3365 -0.0051
vn 0.7412 -0.6712 -0.0045
vn 0.4280 -0.9038 -0.0032
vn -0.7600 -0.6499 0.0030
vn -0.5220 -0.8530 0.0016
vn -0.4443 -0.4671 0.7644
vn -0.7409 -0.5506 0.3847
vn -0.7508 0.5360 0.3860
vn -0.5781 0.2812 0.7660
vn 0.1543 0.6280 0.7628
vn 0.0639 0.9218 0.3824
vn 0.8982 0.2255 0.3775
vn 0.6484 0.0503 0.7596
vn 0.9906 -0.1368 -0.0051
vn 0.9844 0.1760 -0.0047
vn 0.4715 -0.8818 -0.0034
vn 0.9969 0.0791 -0.0049
vn 0.9262 0.0080 0.3771
vn 0.4937 -0.7830 0.3783
vn 0.6499 -0.7600 -0.0041
vn 0.1760 -0.9844 -0.0021
vn 0.2516 -0.5982 0.7608
vn 0.3087 -0.5712 0.7606
vn -0.4876 -0.4212 0.7647
vn -0.8818 -0.4716 0.0038
vn -0.5478 0.3366 0.7659
vn -0.9725 0.2328 0.0051
vn -0.7210 0.6929 0.0044
vn 0.0923 0.6396 0.7631
vn -0.0791 0.9969 0.0016
vn 0.4362 0.8998 -0.0011
vn 0.6403 0.1129 0.7598
vn 0.9236 0.3833 -0.0041
vn -0.8560 0.3436 0.3863
vn -0.8998 0.4362 0.0050
vn 0.1368 0.9906 0.0005
vn -0.8530 0.5220 0.0049
vn 0.2328 0.9725 -0.0000
vn 0.2795 0.8812 0.3813
vn -0.6930 -0.7210 0.0026
vn 0.3833 -0.9236 -0.0030
vn 0.2955 -0.8769 0.3791
vn -0.5904 -0.7101 0.3837
vn 0.3087 -0.5711 0.7606
vn 0.6500 -0.7600 -0.0041
vn 0.0050 -0.0012 1.0000
vn 0.3227 -0.6752 0.6633
vn 0.5564 -0.5017 0.6624
vn 0.7060 -0.2519 0.6619
vn 0.7486 0.0361 0.6620
vn 0.6777 0.3186 0.6627
vn 0.4139 0.8061 -0.4231
vn 0.3356 0.6446 0.6869
vn 0.5093 0.5447 0.6663
vn 0.6172 0.6612 -0.4264
vn 0.8327 -0.3010 -0.4647
vn 0.8896 0.0405 -0.4549
vn 0.3758 -0.7985 -0.4703
vn 0.6527 -0.5944 -0.4698
vn 0.3185 0.5686 0.7584
vn -0.0611 0.2707 0.9607
vn 0.3458 0.7968 0.4955
vn -0.3220 0.7942 0.5154
vn -0.1031 0.9354 0.3381
vn -0.1165 0.2549 0.9599
vn 0.8715 0.4904 -0.0037
vn 0.6750 0.7378 -0.0024
vn 0.5652 0.6842 0.4609
vn 0.7532 0.4326 0.4956
vn 0.2606 0.5386 0.8012
vn 0.4250 0.2760 0.8621
vn -0.1571 0.3405 0.9270
vn -0.0251 0.0624 0.9977
vn -0.0247 0.9733 0.2284
vn -0.1742 0.9020 0.3951
vn 0.0292 0.9996 0.0011
vn -0.3790 0.8046 0.4571
vn 0.3122 0.7838 -0.5368
vn 0.3410 0.7980 -0.4969
vn 0.0402 -0.7461 0.6646
vn 0.3226 -0.6752 0.6633
vn -0.2478 -0.7035 0.6661
vn -0.4976 -0.5539 0.6675
vn -0.6712 -0.3201 0.6687
vn -0.5983 -0.6641 -0.4483
vn -0.2983 -0.8365 -0.4597
vn -0.8888 0.1893 -0.4173
vn -0.7064 0.1512 0.6915
vn -0.6363 0.1165 0.7626
vn -0.8080 0.2534 -0.5319
vn -0.7393 -0.0465 0.6717
vn 0.0429 -0.8831 -0.4672
vn 0.3757 -0.7985 -0.4703
vn -0.9057 -0.0599 -0.4197
vn -0.4066 0.7541 0.5158
vn -0.8319 0.2391 0.5007
vn -0.1638 0.2222 0.9612
vn -0.6558 0.6737 0.3406
vn -0.1064 0.9362 -0.3350
vn -0.8841 -0.0020 0.4673
vn -0.9985 -0.0545 0.0049
vn -0.9316 -0.3633 0.0042
vn -0.8084 -0.3068 0.5025
vn -0.5760 0.1425 0.8049
vn -0.4764 -0.1513 0.8661
vn -0.5845 0.7077 0.3969
vn -0.7356 0.6366 0.2315
vn -0.7917 0.6109 0.0047
vn -0.8369 0.2403 -0.4918
vn 0.2170 -0.4648 -0.8584
vn 0.3835 -0.3447 -0.8568
vn 0.4997 -0.1712 -0.8491
vn 0.5483 0.0391 -0.8354
vn 0.8127 0.3807 -0.4411
vn 0.5153 0.2613 -0.8162
vn -0.6591 0.6745 -0.3325
vn 0.4015 0.4553 -0.7947
vn 0.2816 0.5609 -0.7785
vn 0.0781 0.6340 -0.7694
vn -0.1328 0.5653 -0.8142
vn -0.3271 0.7954 -0.5102
vn -0.1452 0.6464 -0.7490
vn -0.2560 0.5331 -0.8064
vn -0.2870 0.6009 -0.7460
vn 0.5606 0.6853 -0.4649
vn 0.7482 0.4338 -0.5020
vn 0.2526 0.5407 -0.8024
vn 0.4164 0.2780 -0.8657
vn -0.1664 0.3428 -0.9246
vn -0.0350 0.0647 -0.9973
vn -0.1780 0.9029 -0.3913
vn -0.0269 0.9738 -0.2258
vn -0.3835 0.8058 -0.4513
vn 0.0179 -0.5180 -0.8552
vn -0.1904 -0.4979 -0.8461
vn -0.3837 -0.4022 -0.8313
vn -0.8127 -0.3888 -0.4340
vn -0.5345 -0.2357 -0.8116
vn -0.6123 -0.0248 -0.7902
vn -0.6179 0.1350 -0.7745
vn -0.5454 0.3387 -0.7667
vn -0.4117 0.7554 -0.5098
vn -0.3588 0.4581 -0.8133
vn -0.4131 0.5194 -0.7480
vn -0.8887 -0.0009 -0.4585
vn -0.8133 -0.3055 -0.4951
vn -0.5841 0.1446 -0.7987
vn -0.4851 -0.1488 -0.8617
vn -0.7379 0.6372 -0.2227
vn -0.5884 0.7086 -0.3895
vn -0.3751 0.7877 -0.4888
vn -0.3702 0.7865 0.4944
vn 0.8768 -0.4808 -0.0104
vn 0.8491 0.1135 0.5160
vn 0.6990 0.2318 0.6765
vn 0.6736 -0.3686 0.6406
vn 0.3587 -0.7814 0.5106
vn 0.1684 -0.7226 0.6705
vn 0.4224 -0.9064 0.0036
vn 0.8933 -0.4478 -0.0392
vn 0.8514 -0.5181 -0.0813
vn 0.4298 -0.9029 -0.0097
vn 0.8513 -0.4834 -0.2040
vn 0.8774 -0.4789 -0.0291
vn 0.8587 -0.5106 -0.0433
vn 0.8693 -0.4844 -0.0985
vn 0.9926 0.1216 0.0021
vn 0.9915 0.1297 -0.0113
vn 0.8135 -0.4282 -0.3935
vn 0.8916 0.0951 -0.4428
vn 0.8343 -0.4886 -0.2554
vn 0.7910 -0.4663 -0.3960
vn 0.3638 -0.8203 -0.4414
vn 0.3251 -0.6790 0.6582
vn 0.7478 0.0955 0.6570
vn -0.6658 0.4828 0.5689
vn -0.5581 0.0170 0.8296
vn -0.7617 0.2957 0.5765
vn -0.6797 -0.0896 0.7280
vn -0.2919 0.6216 0.7269
vn -0.3571 0.1969 0.9131
vn -0.3161 0.4473 0.8367
vn -0.8346 0.4564 0.3084
vn 0.3230 0.0321 -0.9458
vn 0.3900 -0.4289 -0.8148
vn 0.5282 -0.1066 -0.8424
vn 0.1260 -0.3010 -0.9453
vn 0.3225 -0.1586 -0.9332
vn 0.7282 0.6853 -0.0083
vn 0.1556 0.8397 0.5203
vn -0.0029 0.7326 0.6806
vn 0.5602 0.5232 0.6422
vn 0.8552 0.0969 0.5092
vn 0.7408 -0.0669 0.6684
vn 0.7019 0.7113 -0.0369
vn 0.7557 0.6501 -0.0794
vn 0.7224 0.6614 -0.2020
vn 0.7266 0.6866 -0.0269
vn 0.7509 0.6591 -0.0414
vn 0.7291 0.6776 -0.0964
vn 0.1911 0.9815 0.0071
vn 0.1830 0.9831 -0.0062
vn 0.6578 0.6435 -0.3914
vn 0.1844 0.8796 -0.4386
vn 0.7219 0.6439 -0.2535
vn 0.6870 0.6104 -0.3942
vn 0.1416 0.7371 0.6608
vn -0.6636 -0.4872 0.5677
vn -0.1867 -0.5302 0.8271
vn -0.5153 -0.6363 0.5741
vn -0.1232 -0.6782 0.7245
vn -0.2956 -0.2839 0.9121
vn -0.5211 -0.1671 0.8369
vn -0.6912 -0.6544 0.3064
vn 0.0672 0.3224 -0.9442
vn 0.5265 0.2430 -0.8147
vn 0.2627 0.4740 -0.8404
vn 0.2484 0.2629 -0.9323
vn -0.4267 0.9044 -0.0023
vn -0.7493 0.4046 0.5243
vn -0.6961 0.2199 0.6835
vn -0.3230 0.6909 0.6468
vn 0.1733 0.8404 0.5135
vn 0.2941 0.6801 0.6715
vn -0.4597 0.8875 -0.0309
vn -0.3849 0.9200 -0.0734
vn -0.4062 0.8925 -0.1961
vn -0.4285 0.9033 -0.0209
vn -0.3949 0.9180 -0.0353
vn -0.4193 0.9033 -0.0904
vn -0.8744 0.4851 0.0118
vn -0.8784 0.4779 -0.0016
vn -0.4096 0.8266 -0.3859
vn -0.7807 0.4495 -0.4342
vn -0.3899 0.8869 -0.2477
vn -0.3692 0.8442 -0.3887
vn -0.6557 0.3588 0.6643
vn 0.2595 -0.7848 0.5628
vn 0.4485 -0.3460 0.8241
vn 0.4473 -0.6899 0.5692
vn 0.6086 -0.3307 0.7213
vn 0.1807 -0.3739 0.9097
vn -0.0002 -0.5519 0.8339
vn 0.4095 -0.8613 0.3007
vn -0.2880 0.1688 -0.9426
vn -0.0702 0.5804 -0.8113
vn -0.3716 0.4010 -0.8373
vn -0.1754 0.3226 -0.9301
vn -0.9920 -0.1264 -0.0007
vn -0.6152 -0.5905 0.5224
vn -0.4227 -0.5979 0.6811
vn -0.7554 -0.0973 0.6480
vn -0.7446 0.4216 0.5175
vn -0.5544 0.4861 0.6755
vn -0.9862 -0.1628 -0.0295
vn -0.9941 -0.0813 -0.0716
vn -0.9748 -0.1095 -0.1945
vn -0.9915 -0.1283 -0.0194
vn -0.9952 -0.0917 -0.0336
vn -0.9889 -0.1191 -0.0888
vn -0.7315 -0.6818 0.0096
vn -0.7260 -0.6877 -0.0037
vn -0.9136 -0.1320 -0.3846
vn -0.6698 -0.6011 -0.4360
vn -0.9646 -0.0953 -0.2460
vn -0.9178 -0.0881 -0.3871
vn -0.5423 -0.5164 0.6627
vn 0.8279 0.0012 0.5609
vn 0.4695 0.3150 0.8248
vn 0.7956 0.2090 0.5686
vn 0.5043 0.4725 0.7228
vn 0.4135 0.0513 0.9090
vn 0.5267 -0.1754 0.8318
vn 0.9464 0.1216 0.2992
vn -0.2517 -0.2165 -0.9433
vn -0.5755 0.1171 -0.8094
vn -0.4981 -0.2249 -0.8375
vn -0.3631 -0.0620 -0.9297
vn -0.1864 -0.9825 -0.0057
vn 0.3727 -0.7704 0.5173
vn 0.4395 -0.5905 0.6768
vn -0.1395 -0.7520 0.6442
vn -0.6299 -0.5807 0.5158
vn -0.6321 -0.3808 0.6748
vn -0.1500 -0.9881 -0.0346
vn -0.2300 -0.9702 -0.0764
vn -0.1976 -0.9598 -0.1994
vn -0.1845 -0.9825 -0.0244
vn -0.2204 -0.9746 -0.0385
vn -0.1925 -0.9768 -0.0938
vn 0.4223 -0.9064 0.0036
vn 0.4297 -0.9029 -0.0097
vn -0.1576 -0.9075 -0.3893
vn 0.3637 -0.8203 -0.4414
vn -0.2080 -0.9454 -0.2508
vn -0.2008 -0.8979 -0.3916
vn 0.3250 -0.6790 0.6582
vn 0.2560 0.7846 0.5647
vn -0.1526 0.5393 0.8282
vn 0.0484 0.8181 0.5731
vn 0.0811 0.4040 0.9111
vn 0.3315 0.4421 0.8334
vn 0.1775 0.9360 0.3040
vn -0.2911 -0.5067 -0.8115
vn 0.0580 -0.5386 -0.8406
vn -0.0554 -0.3593 -0.9316
vn -0.0050 0.0012 -1.0000
vn 0.5528 -0.4952 0.6702
vn 0.6386 -0.3472 0.6867
vn -0.7140 -0.0940 0.6938
vn -0.6877 -0.2630 0.6766
vn 0.7166 -0.1949 0.6697
vn 0.7502 0.0962 0.6541
vn 0.0391 -0.7391 0.6725
vn 0.3263 -0.6813 0.6553
vn -0.1297 -0.7120 0.6901
vn 0.6434 0.3690 0.6708
vn 0.5291 0.4962 0.6883
vn -0.2971 -0.6762 0.6742
vn -0.1505 0.7222 0.6752
vn -0.3069 0.6528 0.6926
vn -0.6580 0.3598 0.6614
vn -0.7318 0.0762 0.6773
vn -0.5441 -0.5183 0.6598
vn 0.1419 0.7396 0.6579
vn 0.4083 0.6175 0.6723
vn -0.4596 0.5754 0.6765
vn -0.6528 0.1227 0.7475
vn -0.5825 0.3196 0.7474
vn -0.4548 0.4850 0.7469
vn -0.2822 0.6029 0.7462
vn -0.0816 0.6617 0.7453
vn 0.1273 0.6557 0.7442
vn 0.3242 0.5853 0.7432
vn 0.4896 0.4576 0.7422
vn 0.6075 0.2850 0.7414
vn 0.6663 0.0844 0.7409
vn 0.6602 -0.1245 0.7407
vn 0.5899 -0.3214 0.7408
vn 0.4622 -0.4868 0.7412
vn 0.2896 -0.6047 0.7419
vn 0.0890 -0.6635 0.7428
vn -0.1199 -0.6575 0.7439
vn -0.3168 -0.5871 0.7450
vn -0.4822 -0.4594 0.7459
vn -0.6001 -0.2868 0.7467
vn -0.6589 -0.0862 0.7473
vn -0.7273 -0.6863 0.0028
vn 0.9827 -0.1850 -0.0051
vn 0.9918 0.1277 -0.0048
vn -0.4797 -0.8775 0.0013
vn -0.1850 -0.9827 -0.0003
vn -0.6863 0.7273 0.0043
vn 0.7273 0.6863 -0.0028
vn 0.1277 -0.9918 -0.0018
vn -0.8774 0.4797 0.0049
vn 0.4797 0.8774 -0.0013
vn -0.9827 0.1850 0.0051
vn 0.1850 0.9827 0.0003
vn 0.6863 -0.7273 -0.0043
vn -0.9918 -0.1277 0.0048
vn -0.1277 0.9918 0.0018
vn 0.8774 -0.4797 -0.0049
vn -0.0808 -0.9783 -0.1908
vn 0.4191 -0.8871 -0.1932
vn 0.3272 -0.6851 0.6508
vn -0.0583 -0.7554 0.6526
vn -0.5593 -0.8073 -0.1882
vn -0.4274 -0.6236 0.6546
vn -0.8883 -0.4199 -0.1861
vn -0.6811 -0.3248 0.6562
vn -0.9795 0.0800 -0.1851
vn -0.7514 0.0608 0.6570
vn -0.8085 0.5586 -0.1853
vn -0.6195 0.4299 0.6568
vn -0.4211 0.8876 -0.1869
vn -0.3208 0.6835 0.6557
vn 0.0789 0.9788 -0.1892
vn 0.0648 0.7539 0.6538
vn 0.5575 0.8077 -0.1918
vn 0.4339 0.6220 0.6518
vn 0.8864 0.4204 -0.1939
vn 0.6876 0.3232 0.6502
vn 0.9776 -0.0796 -0.1950
vn 0.7579 -0.0623 0.6494
vn 0.8066 -0.5582 -0.1947
vn 0.6260 -0.4314 0.6496
vn 0.4192 -0.8871 -0.1932
vn 0.3273 -0.6851 0.6508
vn 0.3932 -0.8339 -0.3873
vn 0.7574 -0.5246 -0.3887
vn 0.9182 -0.0746 -0.3890
vn 0.8325 0.3955 -0.3880
vn 0.5232 0.7598 -0.3860
vn 0.0732 0.9206 -0.3836
vn -0.3970 0.8349 -0.3813
vn -0.7612 0.5255 -0.3799
vn -0.9221 0.0755 -0.3796
vn -0.8363 -0.3946 -0.3806
vn -0.5270 -0.7589 -0.3826
vn -0.0770 -0.9197 -0.3850
vn 0.3931 -0.8340 -0.3873
vn -0.0813 -0.9967 -0.0008
vn 0.4188 -0.8828 0.2129
vn -0.0783 -0.9734 0.2152
vn 0.0813 0.9967 0.0008
vn -0.4167 0.8822 0.2191
vn 0.0805 0.9729 0.2168
vn -0.8225 0.5687 0.0048
vn -0.8020 0.5551 0.2207
vn -0.9967 0.0813 0.0051
vn -0.9721 0.0791 0.2209
vn -0.8814 -0.4181 0.2199
vn -0.5687 -0.8225 0.0018
vn -0.5543 -0.8033 0.2178
vn 0.8225 -0.5688 -0.0048
vn 0.9967 -0.0813 -0.0051
vn 0.9742 -0.0796 0.2111
vn 0.8041 -0.5556 0.2113
vn 0.8835 0.4176 0.2121
vn 0.5687 0.8225 -0.0018
vn 0.5564 0.8028 0.2142
vn 0.4189 -0.8827 0.2128
vn -0.3308 -0.4852 0.8094
vn -0.5281 -0.2529 0.8106
vn 0.5361 0.2510 0.8060
vn 0.5908 -0.0488 0.8053
vn -0.2479 0.5311 0.8102
vn 0.0519 0.5858 0.8088
vn -0.5828 0.0469 0.8113
vn 0.4883 -0.3358 0.8055
vn 0.3389 0.4833 0.8072
vn -0.4802 0.3339 0.8111
vn 0.2560 -0.5331 0.8064
vn -0.0439 -0.5878 0.8078
vn 0.2559 -0.5331 0.8064
vn 0.4647 -0.3232 -0.8244
vn 0.7966 -0.5514 -0.2480
vn 0.4139 -0.8763 -0.2465
vn 0.2399 -0.5141 -0.8235
vn 0.4279 -0.9038 -0.0090
vn 0.4026 -0.8533 -0.3314
vn 0.7753 -0.5368 -0.3329
vn 0.8225 -0.5687 -0.0106
vn 0.7625 -0.5281 -0.3739
vn 0.9655 -0.0786 -0.2483
vn 0.9243 -0.0751 -0.3741
vn 0.0737 0.9266 -0.3687
vn 0.0777 0.9670 -0.2426
vn -0.4163 0.8769 -0.2402
vn -0.3995 0.8403 -0.3664
vn 0.8754 0.4154 -0.2472
vn 0.8380 0.3981 -0.3731
vn -0.8417 -0.3972 -0.3657
vn -0.8778 -0.4148 -0.2395
vn -0.5529 -0.7975 -0.2416
vn -0.5304 -0.7639 -0.3677
vn -0.7990 0.5520 -0.2387
vn -0.7661 0.5290 -0.3650
vn 0.5504 0.7981 -0.2451
vn 0.5267 0.7648 -0.3711
vn -0.0801 -0.9664 -0.2441
vn -0.0774 -0.9257 -0.3702
vn -0.9679 0.0792 -0.2384
vn -0.9280 0.0760 -0.3647
vn 0.4138 -0.8764 -0.2465
vn 0.3958 -0.8395 -0.3724
vn -0.5192 -0.2429 -0.8194
vn -0.5722 0.0473 -0.8188
vn -0.2480 0.5161 -0.8198
vn 0.0423 0.5691 -0.8212
vn 0.5640 -0.0454 -0.8245
vn 0.5111 0.2449 -0.8239
vn -0.3283 -0.4678 -0.8206
vn -0.4729 0.3252 -0.8189
vn 0.3201 0.4698 -0.8227
vn -0.0504 -0.5671 -0.8221
vn 0.3958 -0.8394 -0.3724
vn 0.2398 -0.5142 -0.8235
vn -0.0784 -0.9410 -0.3291
vn 0.4025 -0.8533 -0.3314
vn -0.9430 0.0772 -0.3236
vn -0.8553 -0.4038 -0.3246
vn 0.0752 0.9418 -0.3276
vn -0.4058 0.8541 -0.3253
vn 0.9398 -0.0764 -0.3331
vn 0.8521 0.4046 -0.3321
vn -0.5389 -0.7765 -0.3266
vn -0.7785 0.5376 -0.3238
vn 0.5356 0.7773 -0.3301
vn 0.9966 -0.0813 -0.0109
vn 0.9038 0.4279 -0.0098
vn 0.5687 0.8225 -0.0077
vn 0.0813 0.9967 -0.0050
vn -0.4280 0.9038 -0.0026
vn -0.8225 0.5687 -0.0011
vn -0.9967 0.0813 -0.0008
vn -0.9038 -0.4279 -0.0019
vn -0.5688 -0.8225 -0.0040
vn -0.0813 -0.9967 -0.0066
vn 0.4278 -0.9038 -0.0090
vn -0.4939 -0.7504 -0.4393
vn -0.5350 -0.5052 -0.6771
vn -0.5283 -0.5068 0.6812
vn -0.6554 -0.3370 0.6759
vn -0.7215 -0.1089 0.6838
vn -0.7343 -0.0968 0.6719
vn -0.6813 0.6532 -0.3305
vn -0.7195 0.1533 0.6774
vn -0.6489 0.3501 -0.6755
vn -0.6421 0.3485 0.6828
vn 0.2839 0.2698 -0.9201
vn 0.6803 0.0358 -0.7321
vn 0.5804 0.1408 -0.8020
vn 0.3401 -0.1902 -0.9209
vn 0.6063 0.0755 -0.7916
vn 0.6119 -0.2540 -0.7491
vn -0.6146 -0.4691 -0.6342
vn -0.7823 -0.1113 -0.6129
vn 0.4322 0.0519 -0.9003
vn 0.9165 0.1121 -0.3840
vn 0.4222 -0.1023 -0.9007
vn 0.3787 -0.2119 -0.9009
vn 0.3165 0.2997 -0.9000
vn 0.3863 0.1956 -0.9014
vn 0.5320 0.4181 -0.7363
vn -0.6817 0.3308 -0.6526
vn -0.1569 -0.9761 0.1501
vn -0.7515 -0.1188 0.6489
vn -0.5738 0.7484 0.3326
vn 0.5600 -0.6992 -0.4445
vn 0.3135 -0.6612 -0.6815
vn 0.3203 -0.6628 0.6768
vn 0.1195 -0.7312 0.6716
vn -0.1179 -0.7236 0.6801
vn -0.1333 -0.7320 0.6682
vn -0.8325 -0.4443 -0.3310
vn -0.3665 -0.6406 0.6747
vn -0.1709 0.3585 -0.9177
vn 0.1746 0.6621 -0.7288
vn 0.0436 0.6000 -0.7988
vn 0.1138 0.6044 -0.7885
vn 0.4289 0.5075 -0.7473
vn 0.2548 -0.7259 -0.6388
vn -0.1373 -0.7750 -0.6169
vn 0.0821 0.4321 -0.8981
vn 0.1764 0.9084 -0.3792
vn 0.2257 0.3750 -0.8991
vn -0.1893 0.3986 -0.8974
vn -0.0688 0.4328 -0.8989
vn -0.2349 0.6393 -0.7322
vn -0.5267 -0.5425 -0.6544
vn 0.8802 -0.4517 0.1455
vn -0.1178 -0.7551 0.6450
vn -0.8884 -0.3163 0.3328
vn 0.8370 0.3190 -0.4447
vn 0.7242 0.0977 -0.6827
vn 0.7309 0.0960 0.6757
vn 0.7339 -0.1161 0.6693
vn 0.6533 -0.3395 0.6768
vn 0.6565 -0.3567 0.6647
vn 0.1645 -0.9272 -0.3366
vn 0.4975 -0.5503 0.6705
vn 0.3136 -0.6612 -0.6816
vn -0.3959 -0.0467 -0.9171
vn -0.5774 0.3747 -0.7254
vn -0.5589 0.2314 -0.7963
vn -0.5414 0.2993 -0.7857
vn -0.3518 0.5689 -0.7434
vn 0.7677 0.0215 -0.6405
vn 0.6932 -0.3667 -0.6205
vn -0.3877 0.2166 -0.8960
vn -0.8103 0.4505 -0.3748
vn -0.2890 0.3355 -0.8966
vn -0.4396 -0.0518 -0.8967
vn -0.4349 0.0734 -0.8975
vn -0.6822 -0.0218 -0.7308
vn 0.3516 -0.6649 -0.6590
vn 0.7019 0.6968 0.1478
vn 0.6832 -0.3489 0.6415
vn 0.0270 -0.9445 0.3275
vn -0.0457 0.8970 -0.4396
vn 0.1293 0.7227 -0.6790
vn 0.1361 0.7210 0.6794
vn 0.3387 0.6584 0.6722
vn 0.5263 0.5126 0.6784
vn 0.5436 0.5104 0.6663
vn 0.9319 -0.1282 -0.3394
vn 0.6787 0.2994 0.6706
vn -0.0800 -0.3858 -0.9191
vn -0.5365 -0.4293 -0.7266
vn -0.3946 -0.4556 -0.7979
vn -0.4538 -0.4181 -0.7870
vn -0.6515 -0.1547 -0.7427
vn 0.2153 0.7403 -0.6369
vn 0.5615 0.5494 -0.6188
vn -0.3279 -0.2968 -0.8969
vn -0.6795 -0.6295 -0.3769
vn -0.4104 -0.1661 -0.8966
vn -0.0886 -0.4291 -0.8989
vn -0.2062 -0.3860 -0.8992
vn -0.1918 -0.6515 -0.7340
vn 0.7396 0.1327 -0.6599
vn -0.4454 0.8820 0.1537
vn 0.5444 0.5384 0.6433
vn 0.9073 -0.2679 0.3239
vn -0.8683 0.2362 -0.4363
vn -0.5199 0.5218 0.6763
vn -0.3233 0.6552 0.6828
vn -0.3159 0.6710 0.6708
vn 0.4091 0.8485 -0.3357
vn -0.0735 0.7342 0.6749
vn 0.2409 -0.6388 -0.7307
vn 0.3096 -0.5117 -0.8015
vn 0.2556 -0.5564 -0.7907
vn -0.0559 -0.6633 -0.7463
vn -0.6389 0.4371 -0.6330
vn -0.3504 0.7073 -0.6140
vn 0.1789 -0.3985 -0.8995
vn 0.3881 -0.8385 -0.3826
vn 0.0291 -0.4367 -0.8992
vn 0.3012 -0.3104 -0.9016
vn 0.5586 -0.3797 -0.7374
vn 0.1009 0.7480 -0.6560
vn -0.9761 -0.1519 0.1551
vn -0.3423 0.6805 0.6479
vn 0.5360 0.7783 0.3271
vn -0.2843 0.6072 0.7419
vn -0.1042 0.2290 0.9678
vn 0.1079 0.2875 0.9517
vn 0.2301 0.6327 0.7394
vn 0.2351 0.1078 0.9660
vn 0.6118 0.2870 0.7371
vn 0.2934 -0.1043 0.9503
vn 0.6373 -0.2273 0.7364
vn 0.1138 -0.2314 0.9662
vn 0.2916 -0.6090 0.7376
vn -0.0984 -0.2898 0.9520
vn -0.2227 -0.6345 0.7401
vn -0.2254 -0.1102 0.9680
vn -0.6044 -0.2888 0.7425
vn -0.2839 0.1020 0.9534
vn -0.6299 0.2255 0.7432
vn 0.7840 -0.5534 0.2812
vn 0.3509 -0.7442 0.5683
vn -0.3515 0.7399 0.5736
vn 0.0694 0.9555 0.2867
vn -0.5030 -0.8178 0.2795
vn -0.9506 0.1275 0.2829
vn -0.9047 0.4110 -0.1127
vn -0.2557 -0.9596 -0.1175
vn 0.3199 0.9053 -0.2794
vn 0.3807 0.9229 -0.0578
vn 0.9549 -0.2903 -0.0620
vn 0.9023 -0.3246 -0.2837
vn -0.0638 -0.9550 0.2897
vn -0.7783 0.5542 0.2950
vn 0.8896 -0.4242 -0.1693
vn 0.2352 0.9580 -0.1644
vn 0.3519 0.8444 -0.4039
vn -0.1111 0.9436 -0.3118
vn 0.6587 -0.6821 -0.3177
vn 0.8751 -0.2605 -0.4078
vn 0.9071 -0.3354 0.2542
vn 0.3160 0.9128 0.2586
vn -0.0071 0.5679 0.8230
vn 0.4371 -0.3702 0.8197
vn -0.3511 -0.8432 -0.4071
vn -0.8759 0.2651 -0.4031
vn -0.2656 0.5661 -0.7804
vn 0.2670 -0.5599 -0.7844
vn -0.9183 0.3921 0.0555
vn -0.8795 0.3974 0.2618
vn -0.2493 -0.9337 0.2571
vn -0.2789 -0.9590 0.0509
vn -0.9379 0.2828 0.2009
vn -0.3751 -0.9059 0.1967
vn -0.2723 -0.7750 0.5703
vn 0.3001 -0.6337 -0.7130
vn 0.2897 -0.6501 0.7024
vn -0.0070 0.5680 0.8230
vn -0.7705 0.2771 0.5741
vn 0.3161 0.9128 0.2586
vn 0.3808 0.9228 -0.0579
vn 0.0694 0.9555 0.2866
vn -0.7704 0.2771 0.5742
vn -0.3173 0.6320 0.7070
vn -0.3020 0.6379 -0.7085
vn 0.2353 0.9579 -0.1644
vn -0.3173 0.6321 0.7070
vn -0.6783 -0.3235 0.6597
vn -0.7528 0.0493 0.6564
vn -0.7593 0.0509 -0.6487
vn -0.6848 -0.3219 -0.6537
vn -0.6228 0.4267 0.6558
vn -0.6293 0.4283 -0.6485
vn -0.3283 0.6776 0.6580
vn -0.3349 0.6792 -0.6531
vn -0.0404 0.7342 0.6777
vn -0.0471 0.7359 -0.6754
vn 0.0778 0.5947 0.8001
vn 0.0698 0.5967 -0.7994
vn -0.0095 0.9123 -0.4094
vn -0.0055 0.9113 0.4116
vn -0.4437 -0.6158 -0.6511
vn -0.4372 -0.6174 0.6540
vn -0.0628 -0.7560 0.6516
vn -0.0693 -0.7544 -0.6527
vn 0.3178 -0.6873 0.6532
vn 0.3114 -0.6857 -0.6580
vn 0.5443 -0.5005 0.6733
vn 0.5375 -0.4989 -0.6798
vn 0.5036 -0.3195 -0.8027
vn 0.5116 -0.3214 0.7969
vn 0.6985 -0.5831 -0.4147
vn 0.7026 -0.5842 0.4063
vn 0.5072 -0.1966 0.8391
vn 0.4988 -0.1946 -0.8446
vn 0.9246 0.0637 -0.3756
vn 0.9283 0.0628 0.3664
vn 0.6379 0.6761 0.3687
vn 0.6342 0.6770 -0.3733
vn 0.1633 0.5140 -0.8421
vn 0.1717 0.5120 0.8416
vn 0.0051 -0.0035 1.0000
vn 0.0053 -0.0023 1.0000
vn 0.4988 -0.1945 -0.8446
vn -0.0048 -0.0011 -1.0000
vn -0.0047 0.0001 -1.0000
vn 0.0035 0.0002 1.0000
vn 0.1717 0.5120 0.8417
vn 0.0044 -0.0004 1.0000
vn -0.0065 0.0028 -1.0000
vn -0.0056 0.0021 -1.0000
vt 0.024842 0.000977
vt 0.000977 0.000977
vt 0.000977 0.335089
vt 0.024841 0.335089
vt 0.048706 0.000977
vt 0.048706 0.335089
vt 0.072571 0.000977
vt 0.072571 0.335089
vt 0.096436 0.000977
vt 0.096435 0.335089
vt 0.120300 0.000977
vt 0.120300 0.335089
vt 0.144165 0.000977
vt 0.144165 0.335089
vt 0.168030 0.000977
vt 0.168029 0.335089
vt 0.191894 0.000977
vt 0.191894 0.335089
vt 0.215759 0.000977
vt 0.215759 0.335089
vt 0.239623 0.000977
vt 0.239623 0.335089
vt 0.263488 0.000977
vt 0.263488 0.335089
vt 0.287353 0.000977
vt 0.287353 0.335089
vt 0.311217 0.000977
vt 0.311218 0.335089
vt 0.335082 0.000977
vt 0.335082 0.335089
vt 0.358947 0.000977
vt 0.358947 0.335089
vt 0.382811 0.000977
vt 0.382812 0.335089
vt 0.439322 0.885785
vt 0.442395 0.890224
vt 0.512125 0.841395
vt 0.506333 0.840146
vt 0.478446 0.768730
vt 0.483837 0.771929
vt 0.478461 0.735350
vt 0.473735 0.740524
vt 0.479373 0.657242
vt 0.485902 0.653608
vt 0.389538 0.628611
vt 0.388009 0.634714
vt 0.428150 0.521602
vt 0.407063 0.568804
vt 0.498523 0.603708
vt 0.514342 0.574609
vt 0.463697 0.467075
vt 0.431707 0.515870
vt 0.522463 0.573124
vt 0.560988 0.534973
vt 0.535816 0.871888
vt 0.471457 0.926258
vt 0.496267 0.810358
vt 0.397316 0.797780
vt 0.414992 0.843793
vt 0.478940 0.692372
vt 0.382861 0.689298
vt 0.385216 0.741717
vt 0.501203 0.610313
vt 0.404786 0.574906
vt 0.493605 0.816377
vt 0.417147 0.848912
vt 0.385667 0.747607
vt 0.395704 0.792280
vt 0.383088 0.683202
vt 0.474579 0.687324
vt 0.474913 0.930290
vt 0.504656 0.957827
vt 0.557135 0.895898
vt 0.535339 0.878145
vt 0.563601 0.895105
vt 0.508761 0.961260
vt 0.501294 0.656904
vt 0.494165 0.693541
vt 0.536358 0.582984
vt 0.516070 0.616888
vt 0.523410 0.833968
vt 0.544803 0.862259
vt 0.497746 0.768420
vt 0.508825 0.804438
vt 0.493147 0.733648
vt 0.569015 0.551794
vt 0.569015 0.881582
vt 0.398848 0.470762
vt 0.385994 0.464574
vt 0.378170 0.496931
vt 0.390677 0.500168
vt 0.374133 0.527277
vt 0.386005 0.530040
vt 0.371524 0.556800
vt 0.382613 0.559575
vt 0.369652 0.586112
vt 0.379921 0.588747
vt 0.293769 0.640402
vt 0.368799 0.641642
vt 0.368595 0.615616
vt 0.294764 0.613738
vt 0.299249 0.523237
vt 0.297736 0.553705
vt 0.378131 0.617596
vt 0.298753 0.455964
vt 0.300294 0.491487
vt 0.377930 0.642834
vt 0.367658 0.657980
vt 0.376578 0.659098
vt 0.371048 0.691625
vt 0.360412 0.667127
vt 0.365500 0.694940
vt 0.356525 0.676513
vt 0.379821 0.691372
vt 0.371619 0.707147
vt 0.380279 0.706863
vt 0.428230 0.207385
vt 0.426806 0.213305
vt 0.440497 0.220904
vt 0.444595 0.216940
vt 0.448303 0.234202
vt 0.453649 0.232858
vt 0.448588 0.249373
vt 0.453649 0.250591
vt 0.436926 0.224709
vt 0.443421 0.235678
vt 0.425580 0.218402
vt 0.419795 0.242445
vt 0.443637 0.248182
vt 0.294441 0.656955
vt 0.302135 0.667301
vt 0.378159 0.917980
vt 0.386052 0.949981
vt 0.398848 0.944010
vt 0.390551 0.914746
vt 0.374111 0.887756
vt 0.385980 0.885133
vt 0.372135 0.858173
vt 0.383249 0.855651
vt 0.370945 0.828910
vt 0.381230 0.826486
vt 0.298909 0.862668
vt 0.300021 0.892673
vt 0.295320 0.776160
vt 0.370346 0.773655
vt 0.368883 0.757290
vt 0.295660 0.759617
vt 0.370387 0.799597
vt 0.379897 0.797660
vt 0.301186 0.923961
vt 0.299872 0.959080
vt 0.379513 0.772352
vt 0.377896 0.755973
vt 0.296617 0.802834
vt 0.365899 0.719528
vt 0.361253 0.747345
vt 0.371519 0.722715
vt 0.357217 0.738211
vt 0.380431 0.722714
vt 0.306180 0.676635
vt 0.428433 0.271046
vt 0.412784 0.271586
vt 0.411359 0.277506
vt 0.430279 0.276440
vt 0.441434 0.262754
vt 0.445583 0.266383
vt 0.437757 0.259218
vt 0.426984 0.266033
vt 0.414010 0.266489
vt 0.302970 0.750039
vt 0.281564 0.460071
vt 0.284394 0.492624
vt 0.284382 0.524201
vt 0.283713 0.554997
vt 0.296211 0.583754
vt 0.283003 0.585260
vt 0.306860 0.740502
vt 0.282294 0.615106
vt 0.281638 0.641278
vt 0.282331 0.657828
vt 0.291609 0.692689
vt 0.297432 0.695964
vt 0.279299 0.692630
vt 0.291530 0.708798
vt 0.279483 0.708882
vt 0.411157 0.213845
vt 0.409311 0.208451
vt 0.398156 0.222136
vt 0.394007 0.218508
vt 0.391002 0.235518
vt 0.385941 0.234300
vt 0.401833 0.225672
vt 0.412606 0.218858
vt 0.395953 0.236709
vt 0.282793 0.955354
vt 0.285458 0.922910
vt 0.285369 0.891661
vt 0.285051 0.861223
vt 0.297806 0.832850
vt 0.284689 0.831220
vt 0.284158 0.801486
vt 0.283263 0.775438
vt 0.283664 0.759016
vt 0.297815 0.721457
vt 0.292071 0.724859
vt 0.279943 0.725249
vt 0.399093 0.263986
vt 0.394995 0.267950
vt 0.391287 0.250689
vt 0.385941 0.252033
vt 0.402664 0.260182
vt 0.396169 0.249212
vt 0.296720 0.708724
vt 0.366584 0.707223
vt 0.215498 0.433006
vt 0.223164 0.478880
vt 0.229398 0.462631
vt 0.230386 0.434973
vt 0.235284 0.388741
vt 0.236990 0.407448
vt 0.121621 0.354901
vt 0.123837 0.404997
vt 0.168320 0.412693
vt 0.195907 0.359199
vt 0.145207 0.430064
vt 0.184047 0.430957
vt 0.126467 0.455435
vt 0.167423 0.445677
vt 0.128370 0.495464
vt 0.185433 0.495455
vt 0.067018 0.465776
vt 0.070174 0.498846
vt 0.054488 0.439118
vt 0.056482 0.405605
vt 0.041879 0.367540
vt 0.239976 0.367174
vt 0.221265 0.496797
vt 0.255289 0.392438
vt 0.241459 0.407863
vt 0.241838 0.481758
vt 0.240655 0.497941
vt 0.260275 0.375671
vt 0.235918 0.435725
vt 0.233691 0.463409
vt 0.251994 0.438007
vt 0.051835 0.500157
vt 0.050694 0.457446
vt 0.043599 0.419077
vt 0.021268 0.379975
vt 0.037404 0.440762
vt 0.208657 0.556923
vt 0.219235 0.599271
vt 0.223927 0.583376
vt 0.222513 0.557296
vt 0.221423 0.515087
vt 0.225310 0.531150
vt 0.128467 0.534451
vt 0.166106 0.541377
vt 0.146272 0.556779
vt 0.180534 0.556603
vt 0.128982 0.578605
vt 0.166194 0.570443
vt 0.129632 0.615950
vt 0.183843 0.616201
vt 0.073247 0.584534
vt 0.073756 0.616349
vt 0.064465 0.558468
vt 0.072532 0.529101
vt 0.218231 0.616426
vt 0.239776 0.514484
vt 0.229455 0.530942
vt 0.237363 0.600875
vt 0.237157 0.616654
vt 0.227759 0.557429
vt 0.228063 0.583770
vt 0.243370 0.557863
vt 0.055700 0.616398
vt 0.058578 0.575022
vt 0.058502 0.537941
vt 0.048127 0.556980
vt 0.207426 0.675541
vt 0.218586 0.717521
vt 0.223018 0.701544
vt 0.221143 0.675636
vt 0.219068 0.634154
vt 0.223280 0.649727
vt 0.128909 0.653244
vt 0.165523 0.660508
vt 0.146001 0.675484
vt 0.179709 0.675375
vt 0.128608 0.696685
vt 0.165581 0.689081
vt 0.128653 0.734057
vt 0.183183 0.734749
vt 0.072946 0.701101
vt 0.072477 0.732989
vt 0.065090 0.674834
vt 0.074415 0.646027
vt 0.217789 0.734730
vt 0.237006 0.632896
vt 0.227361 0.649413
vt 0.236783 0.718837
vt 0.236840 0.734686
vt 0.226351 0.675656
vt 0.227151 0.701865
vt 0.241913 0.675727
vt 0.054332 0.732471
vt 0.058608 0.691109
vt 0.060092 0.654099
vt 0.048840 0.672641
vt 0.207618 0.794937
vt 0.220031 0.837989
vt 0.224208 0.821273
vt 0.221661 0.794761
vt 0.218853 0.752630
vt 0.223372 0.768327
vt 0.127294 0.771746
vt 0.164565 0.779676
vt 0.144431 0.794901
vt 0.179133 0.794891
vt 0.126102 0.816381
vt 0.164559 0.809092
vt 0.125207 0.855871
vt 0.183266 0.857057
vt 0.068505 0.818796
vt 0.066161 0.851597
vt 0.061752 0.791765
vt 0.072222 0.762921
vt 0.219847 0.856007
vt 0.236959 0.751070
vt 0.227510 0.767938
vt 0.238932 0.838674
vt 0.239687 0.855074
vt 0.226980 0.794671
vt 0.228467 0.821495
vt 0.242809 0.794380
vt 0.047619 0.849756
vt 0.054428 0.807921
vt 0.057483 0.770584
vt 0.045433 0.788836
vt 0.212992 0.921699
vt 0.232466 0.968615
vt 0.234656 0.948675
vt 0.228417 0.920001
vt 0.221818 0.874997
vt 0.227868 0.891354
vt 0.122319 0.896681
vt 0.163687 0.906533
vt 0.140847 0.923944
vt 0.180708 0.923113
vt 0.118579 0.948023
vt 0.164414 0.940265
vt 0.114924 0.999020
vt 0.190951 0.997281
vt 0.049364 0.943184
vt 0.033594 0.984125
vt 0.048447 0.912365
vt 0.063375 0.882972
vt 0.236705 0.990414
vt 0.240797 0.872177
vt 0.232249 0.890590
vt 0.253656 0.965116
vt 0.258300 0.982358
vt 0.234160 0.919313
vt 0.239377 0.948300
vt 0.250889 0.917197
vt 0.013360 0.970741
vt 0.037054 0.927580
vt 0.047095 0.889342
vt 0.032165 0.906124
vt 0.040479 0.672751
vt 0.039368 0.731946
vt 0.037039 0.788592
vt 0.024023 0.904396
vt 0.032573 0.848044
vt 0.001280 0.960045
vt 0.036909 0.501290
vt 0.029429 0.442753
vt 0.040801 0.616376
vt 0.008780 0.390165
vt 0.039825 0.557448
vt 0.243303 0.719428
vt 0.242930 0.734650
vt 0.246811 0.498342
vt 0.246399 0.514173
vt 0.243537 0.750361
vt 0.248483 0.794254
vt 0.243523 0.632319
vt 0.247498 0.675747
vt 0.243207 0.616724
vt 0.245658 0.839008
vt 0.245990 0.854710
vt 0.243857 0.601590
vt 0.260835 0.964100
vt 0.264938 0.980539
vt 0.257687 0.438862
vt 0.248458 0.482977
vt 0.248964 0.558027
vt 0.256819 0.916377
vt 0.247636 0.870947
vt 0.262150 0.393529
vt 0.266503 0.377568
vt 0.258485 0.468164
vt 0.265008 0.439999
vt 0.267412 0.410775
vt 0.275560 0.381422
vt 0.274633 0.976728
vt 0.266456 0.945633
vt 0.264450 0.915304
vt 0.257899 0.885794
vt 0.256125 0.854083
vt 0.253494 0.822869
vt 0.255749 0.794098
vt 0.252124 0.765340
vt 0.252821 0.734591
vt 0.251502 0.703976
vt 0.254643 0.675786
vt 0.251703 0.647311
vt 0.253033 0.616853
vt 0.252361 0.586350
vt 0.256129 0.558259
vt 0.254115 0.529613
vt 0.256707 0.499033
vt 0.263376 0.529634
vt 0.264755 0.558502
vt 0.261447 0.764794
vt 0.264494 0.793858
vt 0.261557 0.586755
vt 0.262880 0.822715
vt 0.262179 0.616906
vt 0.284116 0.383789
vt 0.276549 0.412322
vt 0.265537 0.853364
vt 0.260942 0.646976
vt 0.273665 0.441304
vt 0.267436 0.884401
vt 0.263275 0.675790
vt 0.267706 0.469389
vt 0.273474 0.913958
vt 0.260733 0.704176
vt 0.265907 0.499644
vt 0.276196 0.943915
vt 0.262026 0.734448
vt 0.284116 0.974252
vt 0.624221 0.959501
vt 0.638249 0.984496
vt 0.646369 0.979782
vt 0.631713 0.955436
vt 0.612266 0.934460
vt 0.620550 0.930821
vt 0.601610 0.906897
vt 0.610765 0.903692
vt 0.592462 0.876533
vt 0.602529 0.873857
vt 0.585171 0.843258
vt 0.596174 0.841225
vt 0.580115 0.807015
vt 0.592068 0.805748
vt 0.577700 0.767778
vt 0.590608 0.767410
vt 0.578361 0.725553
vt 0.592216 0.726227
vt 0.582556 0.680382
vt 0.597343 0.682247
vt 0.590749 0.632322
vt 0.606448 0.635531
vt 0.603458 0.581204
vt 0.620052 0.585912
vt 0.622041 0.523883
vt 0.641282 0.530781
vt 0.585351 0.517094
vt 0.570930 0.572964
vt 0.559963 0.626436
vt 0.553506 0.677063
vt 0.551148 0.724552
vt 0.552370 0.768802
vt 0.556679 0.809783
vt 0.563619 0.847508
vt 0.572766 0.882023
vt 0.583732 0.913397
vt 0.596138 0.941720
vt 0.609459 0.967143
vt 0.622269 0.991093
vt 0.396261 0.321549
vt 0.379771 0.346438
vt 0.409693 0.366262
vt 0.423669 0.342016
vt 0.577814 0.233660
vt 0.539430 0.235629
vt 0.544440 0.276532
vt 0.575839 0.276387
vt 0.503291 0.243689
vt 0.514639 0.281725
vt 0.470271 0.257174
vt 0.487161 0.291451
vt 0.441103 0.275303
vt 0.462592 0.305109
vt 0.416356 0.297163
vt 0.441337 0.322087
vt 0.731769 0.294277
vt 0.695698 0.268711
vt 0.670988 0.309495
vt 0.699968 0.332443
vt 0.657149 0.249953
vt 0.640026 0.292670
vt 0.617433 0.238312
vt 0.608003 0.281681
vt 0.764596 0.325378
vt 0.726035 0.363381
vt 0.444097 0.324974
vt 0.464889 0.308518
vt 0.637964 0.297371
vt 0.668039 0.313963
vt 0.544851 0.281096
vt 0.575469 0.281129
vt 0.488918 0.295327
vt 0.696077 0.336468
vt 0.606802 0.286472
vt 0.515764 0.285994
vt 0.720875 0.366750
vt 0.426877 0.344300
vt 0.665775 0.317355
vt 0.636377 0.300947
vt 0.575171 0.284742
vt 0.545150 0.284575
vt 0.490244 0.298288
vt 0.466629 0.311123
vt 0.693041 0.339532
vt 0.429313 0.346026
vt 0.413572 0.367918
vt 0.416634 0.368694
vt 0.605870 0.290119
vt 0.516608 0.289251
vt 0.716538 0.368694
vt 0.446192 0.327179
vt 0.739168 0.909887
vt 0.733696 0.917987
vt 0.764781 0.934033
vt 0.768281 0.923665
vt 0.728136 0.998381
vt 0.749483 0.965592
vt 0.714540 0.944472
vt 0.691270 0.972681
vt 0.721110 0.935532
vt 0.709172 0.897185
vt 0.694124 0.911237
vt 0.648161 0.817994
vt 0.667764 0.814649
vt 0.665438 0.784129
vt 0.645715 0.783663
vt 0.689864 0.872270
vt 0.672657 0.882949
vt 0.676557 0.688013
vt 0.692533 0.698919
vt 0.711663 0.675817
vt 0.698012 0.662114
vt 0.668969 0.753964
vt 0.649847 0.749766
vt 0.675965 0.844400
vt 0.657210 0.851500
vt 0.735257 0.656464
vt 0.724180 0.640340
vt 0.678136 0.725234
vt 0.660290 0.717519
vt 0.764610 0.641124
vt 0.754475 0.623051
vt 0.706295 0.708216
vt 0.699959 0.704068
vt 0.686439 0.728877
vt 0.693483 0.731735
vt 0.674628 0.784388
vt 0.676906 0.813130
vt 0.716128 0.890640
vt 0.697891 0.867315
vt 0.717980 0.682335
vt 0.677873 0.755963
vt 0.684717 0.841125
vt 0.740204 0.664298
vt 0.753565 0.954754
vt 0.768173 0.650837
vt 0.717886 0.631559
vt 0.750358 0.612206
vt 0.650732 0.713461
vt 0.667976 0.682263
vt 0.637694 0.819838
vt 0.635175 0.783472
vt 0.686068 0.918725
vt 0.663469 0.888695
vt 0.690604 0.654874
vt 0.639617 0.747583
vt 0.647201 0.855345
vt 0.659035 0.942112
vt 0.632951 0.906528
vt 0.614156 0.866979
vt 0.603323 0.824911
vt 0.600751 0.781894
vt 0.606408 0.739527
vt 0.619940 0.699364
vt 0.640660 0.662850
vt 0.667496 0.631216
vt 0.698824 0.605138
vt 0.731901 0.583672
vt 0.682335 0.784384
vt 0.684528 0.811636
vt 0.704486 0.862971
vt 0.721761 0.885008
vt 0.723387 0.687672
vt 0.685382 0.757425
vt 0.691969 0.838171
vt 0.744400 0.670886
vt 0.743389 0.903080
vt 0.769728 0.915188
vt 0.769728 0.659245
vt 0.490216 0.127740
vt 0.479910 0.109656
vt 0.446808 0.125737
vt 0.456704 0.143966
vt 0.497596 0.146485
vt 0.476719 0.168296
vt 0.515748 0.154280
vt 0.499005 0.184325
vt 0.532812 0.163375
vt 0.519422 0.194678
vt 0.486962 0.206964
vt 0.458642 0.186640
vt 0.438041 0.163694
vt 0.423222 0.136810
vt 0.508535 0.218031
vt 0.483192 0.108151
vt 0.493190 0.126082
vt 0.518216 0.151894
vt 0.534031 0.160379
vt 0.505637 0.138718
vt 0.500020 0.133552
vt 0.499209 0.135388
vt 0.503412 0.140882
vt 0.526566 0.119463
vt 0.509956 0.134495
vt 0.536490 0.129281
vt 0.545342 0.134280
vt 0.513402 0.096760
vt 0.519091 0.109176
vt 0.568879 0.086130
vt 0.510736 0.144570
vt 0.508874 0.145385
vt 0.493835 0.132584
vt 0.499617 0.144581
vt 0.510155 0.149846
vt 0.467658 0.041623
vt 0.470149 0.011550
vt 0.415185 0.012569
vt 0.420331 0.040170
vt 0.460939 0.068191
vt 0.427171 0.075752
vt 0.472484 0.088924
vt 0.436993 0.103729
vt 0.413475 0.114815
vt 0.401767 0.082470
vt 0.394156 0.053003
vt 0.386254 0.023366
vt 0.475226 0.012416
vt 0.472496 0.042291
vt 0.476412 0.088709
vt 0.475056 0.066760
vt 0.473507 0.056861
vt 0.471127 0.058128
vt 0.471085 0.067146
vt 0.512219 0.067192
vt 0.482897 0.066111
vt 0.511036 0.085150
vt 0.525978 0.029960
vt 0.516411 0.049744
vt 0.475292 0.076608
vt 0.472894 0.075916
vt 0.467619 0.050531
vt 0.464432 0.067872
vt 0.470697 0.081027
vt 0.663166 0.091600
vt 0.655997 0.111464
vt 0.686373 0.128047
vt 0.695618 0.110435
vt 0.675603 0.072788
vt 0.706871 0.081417
vt 0.671486 0.045203
vt 0.714805 0.052741
vt 0.669867 0.011550
vt 0.724691 0.025818
vt 0.737814 0.060109
vt 0.729028 0.089467
vt 0.719946 0.115625
vt 0.707163 0.140621
vt 0.747372 0.040832
vt 0.652819 0.110027
vt 0.659894 0.090309
vt 0.666054 0.044141
vt 0.663576 0.012692
vt 0.662133 0.070470
vt 0.661503 0.079738
vt 0.663726 0.079152
vt 0.665956 0.071067
vt 0.625529 0.069220
vt 0.654573 0.069586
vt 0.621547 0.048659
vt 0.613468 0.033594
vt 0.623497 0.098466
vt 0.625940 0.084489
vt 0.664116 0.060631
vt 0.666553 0.062010
vt 0.664886 0.085691
vt 0.672322 0.072140
vt 0.670676 0.056835
vt 0.620353 0.153995
vt 0.603910 0.163312
vt 0.616331 0.194270
vt 0.634108 0.186069
vt 0.638023 0.147202
vt 0.658146 0.167962
vt 0.646096 0.129096
vt 0.674650 0.147188
vt 0.695263 0.159990
vt 0.674882 0.186015
vt 0.652060 0.205070
vt 0.624956 0.217993
vt 0.602623 0.160392
vt 0.618813 0.151289
vt 0.643623 0.126534
vt 0.630475 0.139443
vt 0.625583 0.144921
vt 0.627329 0.145667
vt 0.632591 0.141588
vt 0.610435 0.119900
vt 0.626295 0.135317
vt 0.619258 0.108615
vt 0.591315 0.134603
vt 0.601611 0.128173
vt 0.636148 0.134375
vt 0.636979 0.136227
vt 0.624749 0.150689
vt 0.636184 0.145253
vt 0.641468 0.134923
vt 0.551064 0.168698
vt 0.538124 0.201543
vt 0.568254 0.176240
vt 0.568494 0.205374
vt 0.585904 0.169126
vt 0.594999 0.201252
vt 0.602283 0.225387
vt 0.568209 0.230834
vt 0.537554 0.228431
vt 0.551914 0.165692
vt 0.585907 0.165775
vt 0.568361 0.165647
vt 0.561194 0.166021
vt 0.561885 0.167762
vt 0.568347 0.168581
vt 0.568638 0.138794
vt 0.568346 0.159948
vt 0.581899 0.137884
vt 0.556956 0.137726
vt 0.575716 0.166049
vt 0.575032 0.167872
vt 0.556536 0.169473
vt 0.568316 0.173608
vt 0.578967 0.169993
vt 0.601773 0.840360
vt 0.607664 0.872653
vt 0.615447 0.902206
vt 0.649546 0.536877
vt 0.628478 0.588716
vt 0.624797 0.929096
vt 0.614358 0.637399
vt 0.635524 0.953429
vt 0.604800 0.683413
vt 0.649546 0.976452
vt 0.599219 0.726775
vt 0.597146 0.767417
vt 0.598137 0.805286
vt 0.834394 0.866216
vt 0.698393 0.830404
vt 0.731817 0.873728
vt 0.784508 0.889730
vt 0.865051 0.818537
vt 0.698450 0.773536
vt 0.862601 0.762296
vt 0.726727 0.724717
vt 0.831029 0.716539
vt 0.777794 0.704001
vt 0.935129 0.322702
vt 0.970768 0.279637
vt 0.829995 0.319389
vt 0.881965 0.339976
vt 0.970768 0.223737
vt 0.797138 0.274165
vt 0.940824 0.176535
vt 0.800657 0.218377
vt 0.887660 0.159261
vt 0.833514 0.173153
vt 0.777545 0.698968
vt 0.834028 0.712426
vt 0.867463 0.760810
vt 0.837657 0.870108
vt 0.784731 0.894813
vt 0.869933 0.819993
vt 0.693544 0.831881
vt 0.693544 0.772090
vt 0.723485 0.720816
vt 0.728845 0.877801
vt 0.905927 0.559891
vt 0.827981 0.525764
vt 0.818424 0.537162
vt 0.849409 0.616410
vt 0.803608 0.538464
vt 0.769480 0.616411
vt 0.792210 0.528907
vt 0.712962 0.559892
vt 0.790908 0.514090
vt 0.712962 0.479963
vt 0.800464 0.502693
vt 0.769480 0.423444
vt 0.815281 0.501391
vt 0.849409 0.423443
vt 0.826679 0.510947
vt 0.905927 0.479962
vt 0.809444 0.519927
vt 0.991613 0.638888
vt 0.948594 0.595869
vt 0.918175 0.669307
vt 0.991613 0.699726
vt 0.887756 0.742745
vt 0.948594 0.742745
vt 0.887756 0.595869
vt 0.844737 0.638888
vt 0.844737 0.699726
vt 0.379098 0.405036
vt 0.374579 0.403803
vt 0.376243 0.447536
vt 0.379990 0.447323
vt 0.728394 0.408653
vt 0.733691 0.391866
vt 0.711373 0.376091
vt 0.705475 0.413426
vt 0.650964 0.453168
vt 0.681472 0.454163
vt 0.679810 0.418301
vt 0.651982 0.417561
vt 0.370459 0.404950
vt 0.372663 0.447777
vt 0.621656 0.415610
vt 0.621265 0.450452
vt 0.368968 0.377150
vt 0.319346 0.353185
vt 0.316856 0.412896
vt 0.368218 0.399905
vt 0.706096 0.418205
vt 0.711690 0.451265
vt 0.739897 0.438388
vt 0.731468 0.412350
vt 0.380924 0.399615
vt 0.381776 0.377930
vt 0.375415 0.378139
vt 0.374532 0.399404
vt 0.683088 0.371472
vt 0.652520 0.371489
vt 0.652435 0.412789
vt 0.679941 0.413260
vt 0.621811 0.374838
vt 0.622009 0.411032
vt 0.316591 0.418691
vt 0.295009 0.406610
vt 0.293644 0.410672
vt 0.739862 0.389912
vt 0.312530 0.454163
vt 0.713774 0.370871
vt 0.683393 0.365855
vt 0.651915 0.366209
vt 0.379998 0.372519
vt 0.375639 0.373854
vt 0.371899 0.372387
vt 0.318748 0.344971
vt 0.288780 0.362698
vt 0.291538 0.367629
vt 0.621353 0.369884
vt 0.286045 0.448899
vt 0.789373 0.178686
vt 0.789213 0.150147
vt 0.768123 0.151010
vt 0.767990 0.179121
vt 0.789224 0.122833
vt 0.768146 0.123806
vt 0.790049 0.093149
vt 0.767533 0.094008
vt 0.792785 0.054238
vt 0.765498 0.054060
vt 0.793283 0.045087
vt 0.765119 0.044952
vt 0.772856 0.037552
vt 0.786211 0.038466
vt 0.769111 0.207419
vt 0.790270 0.206991
vt 0.790242 0.234028
vt 0.769140 0.234899
vt 0.790767 0.263772
vt 0.768247 0.264637
vt 0.792636 0.303573
vt 0.765364 0.303605
vt 0.764790 0.312487
vt 0.792937 0.312885
vt 0.771811 0.319946
vt 0.785198 0.319298
vt 0.797182 0.020285
vt 0.765447 0.016364
vt 0.770520 0.030577
vt 0.788801 0.032836
vt 0.787507 0.325994
vt 0.769246 0.325588
vt 0.762228 0.338805
vt 0.793929 0.339511
vt 0.799589 0.043195
vt 0.797791 0.054646
vt 0.792000 0.091692
vt 0.758387 0.042782
vt 0.760387 0.054477
vt 0.764703 0.179179
vt 0.765672 0.150540
vt 0.765769 0.122494
vt 0.791681 0.149674
vt 0.792680 0.178624
vt 0.791605 0.121533
vt 0.765572 0.092495
vt 0.797777 0.303247
vt 0.799486 0.315112
vt 0.792717 0.265287
vt 0.758387 0.314339
vt 0.760407 0.303117
vt 0.766647 0.207933
vt 0.766750 0.236200
vt 0.792723 0.207419
vt 0.792610 0.235342
vt 0.766289 0.266091
s 1
usemtl M_Flashlight_V01
f 1/1/1 3/2/2 4/3/2
f 4/3/2 6/4/1 1/1/1
f 7/5/3 1/1/1 6/4/1
f 6/4/1 8/6/3 7/5/3
f 9/7/4 7/5/3 8/6/3
f 8/6/3 10/8/4 9/7/4
f 11/9/5 9/7/4 10/8/4
f 10/8/4 12/10/5 11/9/5
f 13/11/6 11/9/5 12/10/5
f 12/10/5 14/12/6 13/11/6
f 15/13/7 13/11/6 14/12/6
f 14/12/6 16/14/7 15/13/7
f 17/15/8 15/13/7 16/14/7
f 16/14/7 18/16/8 17/15/8
f 19/17/9 17/15/8 18/16/8
f 18/16/8 20/18/9 19/17/9
f 21/19/10 19/17/9 20/18/9
f 20/18/9 22/20/10 21/19/10
f 23/21/11 21/19/10 22/20/10
f 22/20/10 24/22/11 23/21/11
f 25/23/12 23/21/11 24/22/11
f 24/22/11 26/24/12 25/23/12
f 27/25/13 25/23/12 26/24/12
f 26/24/12 28/26/13 27/25/13
f 29/27/14 27/25/13 28/26/13
f 28/26/13 30/28/14 29/27/14
f 31/29/15 29/27/14 30/28/14
f 30/28/14 32/30/15 31/29/15
f 33/31/16 31/29/15 32/30/15
f 32/30/15 34/32/16 33/31/16
f 2/33/17 33/31/16 34/32/16
f 34/32/16 5/34/17 2/33/17
f 35/35/18 36/36/19 37/37/20
f 37/37/20 38/38/21 35/35/18
f 39/39/22 40/40/23 41/41/24
f 41/41/24 42/42/25 39/39/22
f 43/43/26 44/44/27 45/45/28
f 45/45/28 46/46/29 43/43/26
f 47/47/30 48/48/31 49/49/32
f 49/49/32 50/50/33 47/47/30
f 52/51/34 53/52/35 54/53/36
f 54/53/36 56/54/37 52/51/34
f 57/55/38 37/37/20 36/36/19
f 36/36/19 58/56/39 57/55/38
f 59/57/40 40/40/23 60/58/41
f 60/58/41 61/59/42 59/57/40
f 41/41/24 62/60/43 63/61/44
f 63/61/44 64/62/45 41/41/24
f 44/44/27 65/63/46 66/64/47
f 66/64/47 45/45/28 44/44/27
f 67/65/48 59/57/40 61/59/42
f 61/59/42 68/66/49 67/65/48
f 69/67/50 70/68/51 39/39/22
f 39/39/22 42/42/25 69/67/50
f 46/46/29 71/69/52 72/70/53
f 72/70/53 43/43/26 46/46/29
f 68/66/49 35/35/18 38/38/21
f 38/38/21 67/65/48 68/66/49
f 73/71/54 74/72/55 75/73/56
f 75/73/56 76/74/57 73/71/54
f 71/69/52 63/61/44 62/60/43
f 62/60/43 72/70/53 71/69/52
f 75/73/56 55/75/58 57/55/38
f 57/55/38 76/74/57 75/73/56
f 72/70/53 62/60/43 44/44/27
f 44/44/27 43/43/26 72/70/53
f 76/74/57 57/55/38 58/56/39
f 58/56/39 73/71/54 76/74/57
f 42/42/25 41/41/24 64/62/45
f 64/62/45 69/67/50 42/42/25
f 49/49/32 65/63/46 54/53/36
f 54/53/36 50/50/33 49/49/32
f 50/50/33 54/53/36 53/52/35
f 53/52/35 47/47/30 50/50/33
f 70/68/51 60/58/41 40/40/23
f 40/40/23 39/39/22 70/68/51
f 48/48/31 66/64/47 65/63/46
f 65/63/46 49/49/32 48/48/31
f 38/38/21 37/37/20 59/57/40
f 59/57/40 67/65/48 38/38/21
f 74/72/55 51/76/59 55/75/58
f 55/75/58 75/73/56 74/72/55
f 77/77/60 44/44/27 62/60/43
f 62/60/43 78/78/60 77/77/60
f 79/79/60 54/53/36 65/63/46
f 65/63/46 80/80/60 79/79/60
f 81/81/60 37/37/20 57/55/38
f 57/55/38 82/82/60 81/81/60
f 83/83/60 40/40/23 59/57/40
f 59/57/40 84/84/60 83/83/60
f 84/84/60 59/57/40 37/37/20
f 37/37/20 81/81/60 84/84/60
f 78/78/60 62/60/43 41/41/24
f 41/41/24 85/85/60 78/78/60
f 87/86/60 56/54/37 54/53/36
f 54/53/36 79/79/60 87/86/60
f 80/80/60 65/63/46 44/44/27
f 44/44/27 77/77/60 80/80/60
f 85/85/60 41/41/24 40/40/23
f 40/40/23 83/83/60 85/85/60
f 82/82/60 57/55/38 55/75/58
f 55/75/58 86/87/60 82/82/60
f 89/88/60 91/89/61 92/90/62
f 92/90/62 93/91/60 89/88/60
f 93/91/60 92/90/62 94/92/63
f 94/92/63 95/93/60 93/91/60
f 95/93/60 94/92/63 96/94/64
f 96/94/64 97/95/60 95/93/60
f 97/95/60 96/94/64 98/96/65
f 98/96/65 99/97/60 97/95/60
f 100/98/66 101/99/67 102/100/68
f 102/100/68 103/101/69 100/98/66
f 104/102/70 105/103/71 96/94/64
f 96/94/64 94/92/63 104/102/70
f 99/97/60 98/96/65 102/100/68
f 102/100/68 106/104/60 99/97/60
f 107/105/72 109/106/73 92/90/62
f 92/90/62 91/89/61 107/105/72
f 109/106/73 104/102/70 94/92/63
f 94/92/63 92/90/62 109/106/73
f 102/100/68 101/99/67 110/107/60
f 110/107/60 106/104/60 102/100/68
f 110/107/60 101/99/67 111/108/74
f 111/108/74 112/109/60 110/107/60
f 113/110/75 114/111/76 115/112/77
f 114/111/76 116/113/78 115/112/77
f 112/109/60 111/108/74 113/110/75
f 113/110/75 117/114/60 112/109/60
f 117/114/60 113/110/75 118/115/79
f 118/115/79 119/116/60 117/114/60
f 120/117/80 121/118/81 122/119/82
f 122/119/82 123/120/83 120/117/80
f 123/120/83 122/119/82 124/121/84
f 124/121/84 125/122/85 123/120/83
f 125/122/85 124/121/84 126/123/86
f 126/123/86 127/124/87 125/122/85
f 128/125/88 129/126/89 124/121/84
f 124/121/84 122/119/82 128/125/88
f 130/127/90 128/125/88 122/119/82
f 122/119/82 121/118/81 130/127/90
f 130/127/90 131/128/9 128/125/88
f 129/126/89 132/129/91 126/123/86
f 126/123/86 124/121/84 129/126/89
f 131/128/9 129/126/89 128/125/88
f 132/129/91 129/126/89 131/128/9
f 114/111/76 111/108/74 133/130/92
f 133/130/92 134/131/93 114/111/76
f 135/132/94 90/133/95 88/134/60
f 88/134/60 136/135/60 135/132/94
f 137/136/96 135/132/94 136/135/60
f 136/135/60 138/137/60 137/136/96
f 139/138/97 137/136/96 138/137/60
f 138/137/60 140/139/60 139/138/97
f 141/140/98 139/138/97 140/139/60
f 140/139/60 142/141/60 141/140/98
f 143/142/99 144/143/100 137/136/96
f 137/136/96 139/138/97 143/142/99
f 145/144/101 146/145/102 147/146/103
f 147/146/103 148/147/104 145/144/101
f 149/148/105 141/140/98 142/141/60
f 142/141/60 150/149/60 149/148/105
f 135/132/94 151/150/106 108/151/107
f 108/151/107 90/133/95 135/132/94
f 137/136/96 144/143/100 151/150/106
f 151/150/106 135/132/94 137/136/96
f 152/152/60 146/145/102 149/148/105
f 149/148/105 150/149/60 152/152/60
f 147/146/103 146/145/102 152/152/60
f 152/152/60 153/153/60 147/146/103
f 145/144/101 154/154/108 149/148/105
f 149/148/105 146/145/102 145/144/101
f 155/155/109 156/156/110 157/157/111
f 156/156/110 155/155/109 158/158/112
f 157/157/111 147/146/103 153/153/60
f 153/153/60 159/159/60 157/157/111
f 116/113/78 114/111/76 134/131/93
f 134/131/93 160/160/113 116/113/78
f 118/115/79 157/157/111 159/159/60
f 159/159/60 119/116/60 118/115/79
f 161/161/114 162/162/115 163/163/116
f 163/163/116 164/164/117 161/161/114
f 165/165/118 161/161/114 164/164/117
f 164/164/117 166/166/119 165/165/118
f 126/123/86 165/165/118 166/166/119
f 166/166/119 127/124/87 126/123/86
f 165/165/118 167/167/120 168/168/121
f 168/168/121 161/161/114 165/165/118
f 161/161/114 168/168/121 169/169/122
f 169/169/122 162/162/115 161/161/114
f 169/169/122 168/168/121 131/128/9
f 126/123/86 132/129/91 167/167/120
f 167/167/120 165/165/118 126/123/86
f 131/128/9 168/168/121 167/167/120
f 132/129/91 131/128/9 167/167/120
f 147/146/103 156/156/110 170/170/123
f 170/170/123 148/147/104 147/146/103
f 109/106/73 107/105/72 171/171/124
f 171/171/124 173/172/125 109/106/73
f 104/102/70 109/106/73 173/172/125
f 173/172/125 174/173/126 104/102/70
f 105/103/71 104/102/70 174/173/126
f 174/173/126 175/174/127 105/103/71
f 176/175/128 105/103/71 175/174/127
f 175/174/127 177/176/129 176/175/128
f 176/175/128 103/101/69 102/100/68
f 102/100/68 98/96/65 176/175/128
f 156/156/110 158/158/112 178/177/130
f 178/177/130 170/170/123 156/156/110
f 103/101/69 176/175/128 177/176/129
f 177/176/129 179/178/131 103/101/69
f 180/179/132 100/98/66 103/101/69
f 103/101/69 179/178/131 180/179/132
f 133/130/92 100/98/66 180/179/132
f 180/179/132 181/180/133 133/130/92
f 182/181/134 183/182/135 134/131/93
f 134/131/93 183/182/135 160/160/113
f 182/181/134 133/130/92 181/180/133
f 181/180/133 184/183/136 182/181/134
f 105/103/71 176/175/128 98/96/65
f 98/96/65 96/94/64 105/103/71
f 185/184/137 182/181/134 184/183/136
f 184/183/136 186/185/138 185/184/137
f 187/186/139 121/118/81 120/117/80
f 120/117/80 188/187/140 187/186/139
f 189/188/141 187/186/139 188/187/140
f 188/187/140 190/189/142 189/188/141
f 191/190/143 189/188/141 190/189/142
f 190/189/142 192/191/144 191/190/143
f 189/188/141 193/192/145 194/193/146
f 194/193/146 187/186/139 189/188/141
f 187/186/139 194/193/146 130/127/90
f 130/127/90 121/118/81 187/186/139
f 130/127/90 194/193/146 131/128/9
f 191/190/143 195/194/147 193/192/145
f 193/192/145 189/188/141 191/190/143
f 131/128/9 194/193/146 193/192/145
f 195/194/147 131/128/9 193/192/145
f 172/195/124 108/151/107 151/150/106
f 151/150/106 196/196/148 172/195/124
f 196/196/148 151/150/106 144/143/100
f 144/143/100 197/197/149 196/196/148
f 197/197/149 144/143/100 143/142/99
f 143/142/99 198/198/150 197/197/149
f 198/198/150 143/142/99 199/199/151
f 199/199/151 200/200/152 198/198/150
f 154/154/108 199/199/151 141/140/98
f 141/140/98 149/148/105 154/154/108
f 111/108/74 101/99/67 100/98/66
f 100/98/66 133/130/92 111/108/74
f 200/200/152 199/199/151 154/154/108
f 154/154/108 201/201/153 200/200/152
f 154/154/108 145/144/101 202/202/154
f 202/202/154 201/201/153 154/154/108
f 202/202/154 145/144/101 148/147/104
f 148/147/104 203/203/155 202/202/154
f 204/204/156 205/205/157 170/170/123
f 170/170/123 178/177/130 204/204/156
f 203/203/155 148/147/104 205/205/157
f 205/205/157 206/206/158 203/203/155
f 199/199/151 143/142/99 139/138/97
f 139/138/97 141/140/98 199/199/151
f 206/206/158 205/205/157 185/184/137
f 185/184/137 186/185/138 206/206/158
f 163/163/116 162/162/115 207/207/159
f 207/207/159 208/208/160 163/163/116
f 208/208/160 207/207/159 209/209/161
f 209/209/161 210/210/162 208/208/160
f 210/210/162 209/209/161 191/190/143
f 191/190/143 192/191/144 210/210/162
f 211/211/163 212/212/164 209/209/161
f 209/209/161 207/207/159 211/211/163
f 169/169/122 211/211/163 207/207/159
f 207/207/159 162/162/115 169/169/122
f 169/169/122 131/128/9 211/211/163
f 212/212/164 195/194/147 191/190/143
f 191/190/143 209/209/161 212/212/164
f 131/128/9 212/212/164 211/211/163
f 195/194/147 212/212/164 131/128/9
f 183/182/135 115/112/77 116/113/78
f 116/113/78 160/160/113 183/182/135
f 213/213/165 214/214/166 115/112/77
f 115/112/77 183/182/135 213/213/165
f 155/155/109 214/214/166 213/213/165
f 213/213/165 204/204/156 155/155/109
f 158/158/112 155/155/109 204/204/156
f 204/204/156 178/177/130 158/158/112
f 214/214/166 118/115/79 113/110/75
f 113/110/75 115/112/77 214/214/166
f 157/157/111 118/115/79 214/214/166
f 214/214/166 155/155/109 157/157/111
f 114/111/76 113/110/75 111/108/74
f 156/156/110 147/146/103 157/157/111
f 182/181/134 185/184/137 213/213/165
f 213/213/165 183/182/135 182/181/134
f 170/170/123 205/205/157 148/147/104
f 213/213/165 185/184/137 205/205/157
f 205/205/157 204/204/156 213/213/165
f 134/131/93 133/130/92 182/181/134
f 215/215/167 216/216/168 217/217/169
f 217/217/169 218/218/170 215/215/167
f 219/219/171 215/215/167 218/218/170
f 218/218/170 220/220/172 219/219/171
f 221/221/173 223/222/174 224/223/175
f 224/223/175 226/224/176 221/221/173
f 223/222/174 227/225/177 228/226/178
f 228/226/178 224/223/175 223/222/174
f 227/225/177 229/227/179 230/228/180
f 230/228/180 228/226/178 227/225/177
f 229/227/179 231/229/181 232/230/182
f 232/230/182 230/228/180 229/227/179
f 233/231/183 234/232/184 231/229/181
f 231/229/181 229/227/179 233/231/183
f 235/233/185 233/231/183 229/227/179
f 229/227/179 227/225/177 235/233/185
f 236/234/186 235/233/185 227/225/177
f 227/225/177 223/222/174 236/234/186
f 237/235/187 236/234/186 223/222/174
f 223/222/174 221/221/173 237/235/187
f 226/224/176 224/223/175 219/219/171
f 219/219/171 240/236/188 226/224/176
f 224/223/175 228/226/178 215/215/167
f 215/215/167 219/219/171 224/223/175
f 228/226/178 230/228/180 216/216/168
f 216/216/168 215/215/167 228/226/178
f 230/228/180 232/230/182 241/237/189
f 241/237/189 216/216/168 230/228/180
f 242/238/190 219/219/171 220/220/172
f 220/220/172 243/239/191 242/238/190
f 244/240/192 216/216/168 241/237/189
f 241/237/189 245/241/193 244/240/192
f 247/242/194 240/236/188 219/219/171
f 219/219/171 242/238/190 247/242/194
f 248/243/195 218/218/170 217/217/169
f 217/217/169 249/244/196 248/243/195
f 243/239/191 220/220/172 218/218/170
f 218/218/170 248/243/195 243/239/191
f 249/244/196 217/217/169 216/216/168
f 216/216/168 244/240/192 249/244/196
f 250/245/197 248/243/195 249/244/196
f 249/244/196 244/240/192 250/245/197
f 243/239/191 248/243/195 250/245/197
f 250/245/197 242/238/190 243/239/191
f 251/246/198 234/232/184 233/231/183
f 233/231/183 252/247/199 251/246/198
f 253/248/200 236/234/186 237/235/187
f 237/235/187 254/249/201 253/248/200
f 235/233/185 236/234/186 253/248/200
f 253/248/200 256/250/202 235/233/185
f 233/231/183 235/233/185 256/250/202
f 256/250/202 252/247/199 233/231/183
f 257/251/203 258/252/204 259/253/205
f 259/253/205 260/254/206 257/251/203
f 261/255/207 257/251/203 260/254/206
f 260/254/206 262/256/208 261/255/207
f 231/229/181 263/257/209 264/258/210
f 264/258/210 232/230/182 231/229/181
f 263/257/209 265/259/211 266/260/212
f 266/260/212 264/258/210 263/257/209
f 265/259/211 267/261/213 268/262/214
f 268/262/214 266/260/212 265/259/211
f 267/261/213 269/263/215 270/264/216
f 270/264/216 268/262/214 267/261/213
f 271/265/217 272/266/218 269/263/215
f 269/263/215 267/261/213 271/265/217
f 273/267/219 271/265/217 267/261/213
f 267/261/213 265/259/211 273/267/219
f 274/268/220 273/267/219 265/259/211
f 265/259/211 263/257/209 274/268/220
f 234/232/184 274/268/220 263/257/209
f 263/257/209 231/229/181 234/232/184
f 232/230/182 264/258/210 261/255/207
f 261/255/207 241/237/189 232/230/182
f 264/258/210 266/260/212 257/251/203
f 257/251/203 261/255/207 264/258/210
f 266/260/212 268/262/214 258/252/204
f 258/252/204 257/251/203 266/260/212
f 268/262/214 270/264/216 275/269/221
f 275/269/221 258/252/204 268/262/214
f 276/270/222 261/255/207 262/256/208
f 262/256/208 277/271/223 276/270/222
f 278/272/224 258/252/204 275/269/221
f 275/269/221 279/273/225 278/272/224
f 245/241/193 241/237/189 261/255/207
f 261/255/207 276/270/222 245/241/193
f 280/274/226 260/254/206 259/253/205
f 259/253/205 281/275/227 280/274/226
f 277/271/223 262/256/208 260/254/206
f 260/254/206 280/274/226 277/271/223
f 281/275/227 259/253/205 258/252/204
f 258/252/204 278/272/224 281/275/227
f 282/276/228 280/274/226 281/275/227
f 281/275/227 278/272/224 282/276/228
f 277/271/223 280/274/226 282/276/228
f 282/276/228 276/270/222 277/271/223
f 283/277/229 272/266/218 271/265/217
f 271/265/217 284/278/230 283/277/229
f 285/279/231 274/268/220 234/232/184
f 234/232/184 251/246/198 285/279/231
f 273/267/219 274/268/220 285/279/231
f 285/279/231 286/280/232 273/267/219
f 271/265/217 273/267/219 286/280/232
f 286/280/232 284/278/230 271/265/217
f 287/281/233 288/282/234 289/283/235
f 289/283/235 290/284/236 287/281/233
f 291/285/237 287/281/233 290/284/236
f 290/284/236 292/286/238 291/285/237
f 269/263/215 293/287/239 294/288/240
f 294/288/240 270/264/216 269/263/215
f 293/287/239 295/289/241 296/290/242
f 296/290/242 294/288/240 293/287/239
f 295/289/241 297/291/243 298/292/244
f 298/292/244 296/290/242 295/289/241
f 297/291/243 299/293/245 300/294/246
f 300/294/246 298/292/244 297/291/243
f 301/295/247 302/296/248 299/293/245
f 299/293/245 297/291/243 301/295/247
f 303/297/249 301/295/247 297/291/243
f 297/291/243 295/289/241 303/297/249
f 304/298/250 303/297/249 295/289/241
f 295/289/241 293/287/239 304/298/250
f 272/266/218 304/298/250 293/287/239
f 293/287/239 269/263/215 272/266/218
f 270/264/216 294/288/240 291/285/237
f 291/285/237 275/269/221 270/264/216
f 294/288/240 296/290/242 287/281/233
f 287/281/233 291/285/237 294/288/240
f 296/290/242 298/292/244 288/282/234
f 288/282/234 287/281/233 296/290/242
f 298/292/244 300/294/246 305/299/251
f 305/299/251 288/282/234 298/292/244
f 306/300/252 291/285/237 292/286/238
f 292/286/238 307/301/253 306/300/252
f 308/302/254 288/282/234 305/299/251
f 305/299/251 309/303/255 308/302/254
f 279/273/225 275/269/221 291/285/237
f 291/285/237 306/300/252 279/273/225
f 310/304/256 290/284/236 289/283/235
f 289/283/235 311/305/257 310/304/256
f 307/301/253 292/286/238 290/284/236
f 290/284/236 310/304/256 307/301/253
f 311/305/257 289/283/235 288/282/234
f 288/282/234 308/302/254 311/305/257
f 312/306/258 310/304/256 311/305/257
f 311/305/257 308/302/254 312/306/258
f 307/301/253 310/304/256 312/306/258
f 312/306/258 306/300/252 307/301/253
f 313/307/259 302/296/248 301/295/247
f 301/295/247 314/308/260 313/307/259
f 315/309/261 304/298/250 272/266/218
f 272/266/218 283/277/229 315/309/261
f 303/297/249 304/298/250 315/309/261
f 315/309/261 316/310/262 303/297/249
f 301/295/247 303/297/249 316/310/262
f 316/310/262 314/308/260 301/295/247
f 317/311/263 318/312/264 319/313/265
f 319/313/265 320/314/266 317/311/263
f 321/315/267 317/311/263 320/314/266
f 320/314/266 322/316/268 321/315/267
f 299/293/245 323/317/269 324/318/270
f 324/318/270 300/294/246 299/293/245
f 323/317/269 325/319/271 326/320/272
f 326/320/272 324/318/270 323/317/269
f 325/319/271 327/321/273 328/322/274
f 328/322/274 326/320/272 325/319/271
f 327/321/273 329/323/275 330/324/276
f 330/324/276 328/322/274 327/321/273
f 331/325/277 332/326/278 329/323/275
f 329/323/275 327/321/273 331/325/277
f 333/327/279 331/325/277 327/321/273
f 327/321/273 325/319/271 333/327/279
f 334/328/280 333/327/279 325/319/271
f 325/319/271 323/317/269 334/328/280
f 302/296/248 334/328/280 323/317/269
f 323/317/269 299/293/245 302/296/248
f 300/294/246 324/318/270 321/315/267
f 321/315/267 305/299/251 300/294/246
f 324/318/270 326/320/272 317/311/263
f 317/311/263 321/315/267 324/318/270
f 326/320/272 328/322/274 318/312/264
f 318/312/264 317/311/263 326/320/272
f 328/322/274 330/324/276 335/329/281
f 335/329/281 318/312/264 328/322/274
f 336/330/282 321/315/267 322/316/268
f 322/316/268 337/331/283 336/330/282
f 338/332/284 318/312/264 335/329/281
f 335/329/281 339/333/285 338/332/284
f 309/303/255 305/299/251 321/315/267
f 321/315/267 336/330/282 309/303/255
f 340/334/286 320/314/266 319/313/265
f 319/313/265 341/335/287 340/334/286
f 337/331/283 322/316/268 320/314/266
f 320/314/266 340/334/286 337/331/283
f 341/335/287 319/313/265 318/312/264
f 318/312/264 338/332/284 341/335/287
f 342/336/288 340/334/286 341/335/287
f 341/335/287 338/332/284 342/336/288
f 337/331/283 340/334/286 342/336/288
f 342/336/288 336/330/282 337/331/283
f 343/337/289 332/326/278 331/325/277
f 331/325/277 344/338/290 343/337/289
f 345/339/291 334/328/280 302/296/248
f 302/296/248 313/307/259 345/339/291
f 333/327/279 334/328/280 345/339/291
f 345/339/291 346/340/292 333/327/279
f 331/325/277 333/327/279 346/340/292
f 346/340/292 344/338/290 331/325/277
f 347/341/293 348/342/294 349/343/295
f 349/343/295 350/344/296 347/341/293
f 351/345/297 347/341/293 350/344/296
f 350/344/296 352/346/298 351/345/297
f 329/323/275 353/347/299 354/348/300
f 354/348/300 330/324/276 329/323/275
f 353/347/299 355/349/301 356/350/302
f 356/350/302 354/348/300 353/347/299
f 355/349/301 357/351/303 358/352/304
f 358/352/304 356/350/302 355/349/301
f 357/351/303 222/353/305 225/354/306
f 225/354/306 358/352/304 357/351/303
f 359/355/307 238/356/308 222/353/305
f 222/353/305 357/351/303 359/355/307
f 360/357/309 359/355/307 357/351/303
f 357/351/303 355/349/301 360/357/309
f 361/358/310 360/357/309 355/349/301
f 355/349/301 353/347/299 361/358/310
f 332/326/278 361/358/310 353/347/299
f 353/347/299 329/323/275 332/326/278
f 330/324/276 354/348/300 351/345/297
f 351/345/297 335/329/281 330/324/276
f 354/348/300 356/350/302 347/341/293
f 347/341/293 351/345/297 354/348/300
f 356/350/302 358/352/304 348/342/294
f 348/342/294 347/341/293 356/350/302
f 358/352/304 225/354/306 239/359/311
f 239/359/311 348/342/294 358/352/304
f 362/360/312 351/345/297 352/346/298
f 352/346/298 363/361/313 362/360/312
f 364/362/314 348/342/294 239/359/311
f 239/359/311 246/363/194 364/362/314
f 339/333/285 335/329/281 351/345/297
f 351/345/297 362/360/312 339/333/285
f 365/364/315 350/344/296 349/343/295
f 349/343/295 366/365/316 365/364/315
f 363/361/313 352/346/298 350/344/296
f 350/344/296 365/364/315 363/361/313
f 366/365/316 349/343/295 348/342/294
f 348/342/294 364/362/314 366/365/316
f 367/366/317 365/364/315 366/365/316
f 366/365/316 364/362/314 367/366/317
f 363/361/313 365/364/315 367/366/317
f 367/366/317 362/360/312 363/361/313
f 255/367/201 238/356/308 359/355/307
f 359/355/307 368/368/318 255/367/201
f 369/369/319 361/358/310 332/326/278
f 332/326/278 343/337/289 369/369/319
f 360/357/309 361/358/310 369/369/319
f 369/369/319 370/370/320 360/357/309
f 359/355/307 360/357/309 370/370/320
f 370/370/320 368/368/318 359/355/307
f 314/308/260 316/310/262 371/371/321
f 372/372/321 313/307/259 314/308/260
f 314/308/260 371/371/321 372/372/321
f 344/338/290 346/340/292 373/373/321
f 374/374/321 369/369/319 343/337/289
f 343/337/289 375/375/321 374/374/321
f 377/376/321 255/367/201 368/368/318
f 368/368/318 374/374/321 377/376/321
f 375/375/321 343/337/289 344/338/290
f 344/338/290 373/373/321 375/375/321
f 378/377/321 251/246/198 252/247/199
f 252/247/199 379/378/321 378/377/321
f 373/373/321 345/339/291 313/307/259
f 313/307/259 372/372/321 373/373/321
f 371/371/321 315/309/261 283/277/229
f 283/277/229 380/379/321 371/371/321
f 379/378/321 253/248/200 254/249/201
f 254/249/201 376/380/321 379/378/321
f 286/280/232 285/279/231 381/381/321
f 284/278/230 286/280/232 381/381/321
f 380/379/321 283/277/229 284/278/230
f 284/278/230 381/381/321 380/379/321
f 256/250/202 253/248/200 379/378/321
f 370/370/320 369/369/319 374/374/321
f 381/381/321 285/279/231 251/246/198
f 251/246/198 378/377/321 381/381/321
f 252/247/199 256/250/202 379/378/321
f 368/368/318 370/370/320 374/374/321
f 316/310/262 315/309/261 371/371/321
f 346/340/292 345/339/291 373/373/321
f 382/382/322 308/302/254 309/303/255
f 309/303/255 383/383/323 382/382/322
f 384/384/324 245/241/193 276/270/222
f 276/270/222 385/385/325 384/384/324
f 386/386/326 336/330/282 342/336/288
f 342/336/288 387/387/327 386/386/326
f 388/388/328 306/300/252 312/306/258
f 312/306/258 389/389/329 388/388/328
f 390/390/330 279/273/225 306/300/252
f 306/300/252 388/388/328 390/390/330
f 391/391/331 338/332/284 339/333/285
f 339/333/285 392/392/332 391/391/331
f 383/383/323 309/303/255 336/330/282
f 336/330/282 386/386/326 383/383/323
f 393/393/333 278/272/224 279/273/225
f 279/273/225 390/390/330 393/393/333
f 394/394/334 364/362/314 246/363/194
f 246/363/194 395/395/335 394/394/334
f 397/396/336 250/245/197 244/240/192
f 244/240/192 398/397/337 397/396/336
f 399/398/338 282/276/228 278/272/224
f 278/272/224 393/393/333 399/398/338
f 398/397/337 244/240/192 245/241/193
f 245/241/193 384/384/324 398/397/337
f 400/399/339 367/366/317 364/362/314
f 364/362/314 394/394/334 400/399/339
f 392/392/332 339/333/285 362/360/312
f 362/360/312 401/400/340 392/392/332
f 402/401/341 242/238/190 250/245/197
f 250/245/197 397/396/336 402/401/341
f 385/385/325 276/270/222 282/276/228
f 282/276/228 399/398/338 385/385/325
f 387/387/327 342/336/288 338/332/284
f 338/332/284 391/391/331 387/387/327
f 401/400/340 362/360/312 367/366/317
f 367/366/317 400/399/339 401/400/340
f 396/402/335 247/242/194 242/238/190
f 242/238/190 402/401/341 396/402/335
f 389/389/329 312/306/258 308/302/254
f 308/302/254 382/382/322 389/389/329
f 398/397/337 403/403/342 404/404/343
f 404/404/343 397/396/336 398/397/337
f 397/396/336 404/404/343 405/405/344
f 405/405/344 402/401/341 397/396/336
f 402/401/341 405/405/344 407/406/345
f 407/406/345 396/402/335 402/401/341
f 395/395/335 406/407/345 408/408/346
f 408/408/346 394/394/334 395/395/335
f 394/394/334 408/408/346 409/409/347
f 409/409/347 400/399/339 394/394/334
f 400/399/339 409/409/347 410/410/348
f 410/410/348 401/400/340 400/399/339
f 401/400/340 410/410/348 411/411/349
f 411/411/349 392/392/332 401/400/340
f 392/392/332 411/411/349 412/412/350
f 412/412/350 391/391/331 392/392/332
f 391/391/331 412/412/350 413/413/351
f 413/413/351 387/387/327 391/391/331
f 387/387/327 413/413/351 414/414/352
f 414/414/352 386/386/326 387/387/327
f 386/386/326 414/414/352 415/415/353
f 415/415/353 383/383/323 386/386/326
f 383/383/323 415/415/353 416/416/354
f 416/416/354 382/382/322 383/383/323
f 382/382/322 416/416/354 417/417/355
f 417/417/355 389/389/329 382/382/322
f 389/389/329 417/417/355 418/418/356
f 418/418/356 388/388/328 389/389/329
f 388/388/328 418/418/356 419/419/357
f 419/419/357 390/390/330 388/388/328
f 390/390/330 419/419/357 420/420/358
f 420/420/358 393/393/333 390/390/330
f 393/393/333 420/420/358 421/421/359
f 421/421/359 399/398/338 393/393/333
f 399/398/338 421/421/359 422/422/360
f 422/422/360 385/385/325 399/398/338
f 385/385/325 422/422/360 423/423/361
f 423/423/361 384/384/324 385/385/325
f 384/384/324 423/423/361 403/403/342
f 403/403/342 398/397/337 384/384/324
f 424/424/5 422/422/360 421/421/359
f 421/421/359 425/425/362 424/424/5
f 426/426/363 414/414/352 413/413/351
f 413/413/351 427/427/364 426/426/363
f 425/425/362 421/421/359 420/420/358
f 420/420/358 428/428/365 425/425/362
f 427/427/364 413/413/351 412/412/350
f 412/412/350 429/429/13 427/427/364
f 428/428/365 420/420/358 419/419/357
f 419/419/357 430/430/366 428/428/365
f 432/431/9 407/406/345 405/405/344
f 405/405/344 433/432/367 432/431/9
f 429/429/13 412/412/350 411/411/349
f 411/411/349 434/433/368 429/429/13
f 430/430/366 419/419/357 418/418/356
f 418/418/356 435/434/369 430/430/366
f 433/432/367 405/405/344 404/404/343
f 404/404/343 436/435/370 433/432/367
f 434/433/368 411/411/349 410/410/348
f 410/410/348 437/436/371 434/433/368
f 435/434/369 418/418/356 417/417/355
f 417/417/355 438/437/2 435/434/369
f 436/435/370 404/404/343 403/403/342
f 403/403/342 439/438/372 436/435/370
f 437/436/371 410/410/348 409/409/347
f 409/409/347 440/439/373 437/436/371
f 438/437/2 417/417/355 416/416/354
f 416/416/354 441/440/374 438/437/2
f 439/438/372 403/403/342 423/423/361
f 423/423/361 442/441/375 439/438/372
f 440/439/373 409/409/347 408/408/346
f 408/408/346 443/442/376 440/439/373
f 441/440/374 416/416/354 415/415/353
f 415/415/353 444/443/377 441/440/374
f 442/441/375 423/423/361 422/422/360
f 422/422/360 424/424/5 442/441/375
f 443/442/376 408/408/346 406/407/345
f 406/407/345 431/444/9 443/442/376
f 444/443/377 415/415/353 414/414/352
f 414/414/352 426/426/363 444/443/377
f 445/445/378 446/446/379 448/447/380
f 448/447/380 450/448/381 445/445/378
f 451/449/382 445/445/378 450/448/381
f 450/448/381 452/450/383 451/449/382
f 453/451/384 451/449/382 452/450/383
f 452/450/383 454/452/385 453/451/384
f 455/453/386 453/451/384 454/452/385
f 454/452/385 456/454/387 455/453/386
f 457/455/388 455/453/386 456/454/387
f 456/454/387 458/456/389 457/455/388
f 459/457/390 457/455/388 458/456/389
f 458/456/389 460/458/391 459/457/390
f 461/459/392 459/457/390 460/458/391
f 460/458/391 462/460/393 461/459/392
f 463/461/394 461/459/392 462/460/393
f 462/460/393 464/462/395 463/461/394
f 465/463/396 463/461/394 464/462/395
f 464/462/395 466/464/397 465/463/396
f 467/465/398 465/463/396 466/464/397
f 466/464/397 468/466/399 467/465/398
f 469/467/400 467/465/398 468/466/399
f 468/466/399 470/468/401 469/467/400
f 447/469/402 469/467/400 470/468/401
f 470/468/401 449/470/403 447/469/402
f 472/471/404 473/472/405 469/467/400
f 469/467/400 447/469/402 472/471/404
f 473/472/405 474/473/406 467/465/398
f 467/465/398 469/467/400 473/472/405
f 474/473/406 475/474/407 465/463/396
f 465/463/396 467/465/398 474/473/406
f 475/474/407 476/475/408 463/461/394
f 463/461/394 465/463/396 475/474/407
f 476/475/408 477/476/409 461/459/392
f 461/459/392 463/461/394 476/475/408
f 477/476/409 478/477/410 459/457/390
f 459/457/390 461/459/392 477/476/409
f 478/477/410 479/478/411 457/455/388
f 457/455/388 459/457/390 478/477/410
f 479/478/411 480/479/412 455/453/386
f 455/453/386 457/455/388 479/478/411
f 480/479/412 481/480/413 453/451/384
f 453/451/384 455/453/386 480/479/412
f 481/480/413 482/481/414 451/449/382
f 451/449/382 453/451/384 481/480/413
f 482/481/414 483/482/415 445/445/378
f 445/445/378 451/449/382 482/481/414
f 483/482/415 471/483/416 446/446/379
f 446/446/379 445/445/378 483/482/415
f 484/484/417 485/485/2 487/486/418
f 487/486/418 489/487/419 484/484/417
f 490/488/420 491/489/9 492/490/421
f 492/490/421 493/491/422 490/488/420
f 491/489/9 494/492/423 495/493/424
f 495/493/424 492/490/421 491/489/9
f 494/492/423 496/494/425 497/495/426
f 497/495/426 495/493/424 494/492/423
f 496/494/425 498/496/5 499/497/427
f 499/497/427 497/495/426 496/494/425
f 498/496/5 500/498/428 501/499/429
f 501/499/429 499/497/427 498/496/5
f 502/500/430 503/501/431 504/502/432
f 504/502/432 505/503/433 502/500/430
f 500/498/428 484/484/417 489/487/419
f 489/487/419 501/499/429 500/498/428
f 503/501/431 506/504/13 507/505/434
f 507/505/434 504/502/432 503/501/431
f 506/504/13 508/506/435 509/507/436
f 509/507/436 507/505/434 506/504/13
f 508/506/435 490/488/420 493/491/422
f 493/491/422 509/507/436 508/506/435
f 486/508/17 502/500/430 505/503/433
f 505/503/433 488/509/437 486/508/17
f 499/497/427 501/499/429 510/510/438
f 510/510/438 511/511/439 499/497/427
f 504/502/432 507/505/434 512/512/440
f 512/512/440 513/513/441 504/502/432
f 493/491/422 492/490/421 514/514/442
f 514/514/442 515/515/443 493/491/422
f 497/495/426 499/497/427 511/511/439
f 511/511/439 516/516/444 497/495/426
f 505/503/433 504/502/432 513/513/441
f 513/513/441 517/517/445 505/503/433
f 509/507/436 493/491/422 515/515/443
f 515/515/443 518/518/446 509/507/436
f 495/493/424 497/495/426 516/516/444
f 516/516/444 519/519/447 495/493/424
f 488/509/437 505/503/433 517/517/445
f 517/517/445 521/520/448 488/509/437
f 501/499/429 489/487/419 522/521/449
f 522/521/449 510/510/438 501/499/429
f 507/505/434 509/507/436 518/518/446
f 518/518/446 512/512/440 507/505/434
f 492/490/421 495/493/424 519/519/447
f 519/519/447 514/514/442 492/490/421
f 523/522/60 513/513/441 512/512/440
f 512/512/440 524/523/60 523/522/60
f 525/524/60 515/515/443 514/514/442
f 514/514/442 526/525/60 525/524/60
f 527/526/60 516/516/444 511/511/439
f 511/511/439 528/527/60 527/526/60
f 529/528/60 517/517/445 513/513/441
f 513/513/441 523/522/60 529/528/60
f 530/529/60 522/521/449 520/530/450
f 520/530/450 531/531/60 530/529/60
f 533/532/60 518/518/446 515/515/443
f 515/515/443 525/524/60 533/532/60
f 534/533/60 519/519/447 516/516/444
f 516/516/444 527/526/60 534/533/60
f 532/534/60 521/520/448 517/517/445
f 517/517/445 529/528/60 532/534/60
f 535/535/60 510/510/438 522/521/449
f 522/521/449 530/529/60 535/535/60
f 524/523/60 512/512/440 518/518/446
f 518/518/446 533/532/60 524/523/60
f 526/525/60 514/514/442 519/519/447
f 519/519/447 534/533/60 526/525/60
f 528/527/60 511/511/439 510/510/438
f 510/510/438 535/535/60 528/527/60
f 489/487/419 487/486/418 520/530/450
f 520/530/450 522/521/449 489/487/419
f 536/536/451 537/537/452 539/538/453
f 539/538/453 541/539/454 536/536/451
f 543/540/455 545/541/456 546/542/457
f 546/542/457 547/543/458 543/540/455
f 548/544/459 537/537/452 549/545/460
f 549/545/460 550/546/461 548/544/459
f 551/547/462 552/548/463 553/549/464
f 553/549/464 554/550/465 551/547/462
f 550/546/461 549/545/460 555/551/466
f 555/551/466 556/552/467 550/546/461
f 557/553/468 558/554/469 559/555/470
f 559/555/470 560/556/471 557/553/468
f 554/550/465 553/549/464 561/557/472
f 561/557/472 562/558/473 554/550/465
f 556/552/467 555/551/466 563/559/474
f 563/559/474 564/560/475 556/552/467
f 560/556/471 559/555/470 565/561/476
f 565/561/476 566/562/477 560/556/471
f 562/558/473 561/557/472 567/563/478
f 567/563/478 568/564/479 562/558/473
f 564/560/475 563/559/474 552/548/463
f 552/548/463 551/547/462 564/560/475
f 566/562/477 565/561/476 538/565/480
f 538/565/480 569/566/481 566/562/477
f 571/567/321 572/568/482 573/569/483
f 573/569/483 574/570/321 571/567/321
f 568/564/479 567/563/478 558/554/469
f 558/554/469 557/553/468 568/564/479
f 572/568/482 558/554/469 567/563/478
f 567/563/478 573/569/483 572/568/482
f 575/571/484 553/549/464 552/548/463
f 552/548/463 576/572/485 575/571/484
f 577/573/486 549/545/460 537/537/452
f 537/537/452 536/536/451 577/573/486
f 578/574/487 555/551/466 549/545/460
f 549/545/460 577/573/486 578/574/487
f 579/575/488 559/555/470 558/554/469
f 558/554/469 572/568/482 579/575/488
f 580/576/489 561/557/472 553/549/464
f 553/549/464 575/571/484 580/576/489
f 581/577/490 563/559/474 555/551/466
f 555/551/466 578/574/487 581/577/490
f 582/578/491 565/561/476 559/555/470
f 559/555/470 579/575/488 582/578/491
f 573/569/483 567/563/478 561/557/472
f 561/557/472 580/576/489 573/569/483
f 576/572/485 552/548/463 563/559/474
f 563/559/474 581/577/490 576/572/485
f 545/541/456 570/579/492 548/544/459
f 548/544/459 546/542/457 545/541/456
f 540/580/493 538/565/480 565/561/476
f 565/561/476 582/578/491 540/580/493
f 583/581/494 566/562/477 569/566/481
f 569/566/481 544/582/495 583/581/494
f 584/583/496 568/564/479 557/553/468
f 557/553/468 585/584/497 584/583/496
f 586/585/498 551/547/462 554/550/465
f 554/550/465 587/586/499 586/585/498
f 546/542/457 548/544/459 550/546/461
f 550/546/461 588/587/500 546/542/457
f 588/587/500 550/546/461 556/552/467
f 556/552/467 589/588/501 588/587/500
f 585/584/497 557/553/468 560/556/471
f 560/556/471 590/589/502 585/584/497
f 587/586/499 554/550/465 562/558/473
f 562/558/473 591/590/503 587/586/499
f 589/588/501 556/552/467 564/560/475
f 564/560/475 592/591/504 589/588/501
f 590/589/502 560/556/471 566/562/477
f 566/562/477 583/581/494 590/589/502
f 591/590/503 562/558/473 568/564/479
f 568/564/479 584/583/496 591/590/503
f 592/591/504 564/560/475 551/547/462
f 551/547/462 586/585/498 592/591/504
f 547/543/458 546/542/457 588/587/500
f 588/587/500 593/592/505 547/543/458
f 593/592/505 588/587/500 589/588/501
f 589/588/501 594/593/506 593/592/505
f 594/593/506 589/588/501 592/591/504
f 592/591/504 595/594/507 594/593/506
f 595/594/507 592/591/504 586/585/498
f 586/585/498 596/595/508 595/594/507
f 596/595/508 586/585/498 587/586/499
f 587/586/499 597/596/509 596/595/508
f 597/596/509 587/586/499 591/590/503
f 591/590/503 598/597/510 597/596/509
f 598/597/510 591/590/503 584/583/496
f 584/583/496 599/598/511 598/597/510
f 599/598/511 584/583/496 585/584/497
f 585/584/497 600/599/512 599/598/511
f 600/599/512 585/584/497 590/589/502
f 590/589/502 601/600/513 600/599/512
f 601/600/513 590/589/502 583/581/494
f 583/581/494 602/601/514 601/600/513
f 602/601/514 583/581/494 544/582/495
f 544/582/495 542/602/515 602/601/514
f 603/603/321 575/571/484 576/572/485
f 576/572/485 604/604/321 603/603/321
f 605/605/321 578/574/487 577/573/486
f 577/573/486 606/606/321 605/605/321
f 607/607/321 579/575/488 572/568/482
f 572/568/482 571/567/321 607/607/321
f 608/608/321 580/576/489 575/571/484
f 575/571/484 603/603/321 608/608/321
f 609/609/321 581/577/490 578/574/487
f 578/574/487 605/605/321 609/609/321
f 610/610/321 582/578/491 579/575/488
f 579/575/488 607/607/321 610/610/321
f 611/611/321 536/536/451 541/539/454
f 541/539/454 613/612/321 611/611/321
f 574/570/321 573/569/483 580/576/489
f 580/576/489 608/608/321 574/570/321
f 604/604/321 576/572/485 581/577/490
f 581/577/490 609/609/321 604/604/321
f 612/613/321 540/580/493 582/578/491
f 582/578/491 610/610/321 612/613/321
f 606/606/321 577/573/486 536/536/451
f 536/536/451 611/611/321 606/606/321
f 614/614/516 615/615/517 616/616/518
f 616/616/518 617/617/519 614/614/516
f 618/618/520 614/614/516 617/617/519
f 617/617/519 619/619/521 618/618/520
f 620/620/522 618/618/520 619/619/521
f 619/619/521 621/621/523 620/620/522
f 622/622/524 620/620/522 621/621/523
f 621/621/523 623/623/525 622/622/524
f 624/624/60 621/621/523 619/619/521
f 619/619/521 625/625/60 624/624/60
f 626/626/60 617/617/519 616/616/518
f 616/616/518 627/627/60 626/626/60
f 628/628/60 623/623/525 621/621/523
f 621/621/523 624/624/60 628/628/60
f 625/625/60 619/619/521 617/617/519
f 617/617/519 626/626/60 625/625/60
f 629/629/526 615/615/517 614/614/516
f 614/614/516 630/630/527 629/629/526
f 631/631/528 620/620/522 622/622/524
f 622/622/524 632/632/529 631/631/528
f 633/633/530 634/634/531 635/635/532
f 635/635/532 636/636/533 633/633/530
f 637/637/534 638/638/535 631/631/528
f 631/631/528 639/639/536 637/637/534
f 639/639/536 631/631/528 632/632/529
f 632/632/529 640/640/537 639/639/536
f 641/641/538 629/629/526 630/630/527
f 630/630/527 642/642/539 641/641/538
f 642/642/539 630/630/527 638/638/535
f 638/638/535 637/637/534 642/642/539
f 642/642/539 637/637/534 643/643/321
f 637/637/534 639/639/536 643/643/321
f 639/639/536 640/640/537 643/643/321
f 641/641/538 642/642/539 643/643/321
f 644/644/540 645/645/541 620/620/522
f 644/644/540 633/633/530 636/636/533
f 636/636/533 645/645/541 644/644/540
f 644/644/540 631/631/528 638/638/535
f 638/638/535 633/633/530 644/644/540
f 646/646/542 614/614/516 618/618/520
f 618/618/520 647/647/543 646/646/542
f 633/633/530 638/638/535 630/630/527
f 630/630/527 634/634/531 633/633/530
f 636/636/533 647/647/543 648/648/544
f 648/648/544 645/645/541 636/636/533
f 635/635/532 646/646/542 647/647/543
f 647/647/543 636/636/533 635/635/532
f 647/647/543 618/618/520 620/620/522
f 620/620/522 648/648/544 647/647/543
f 614/614/516 646/646/542 635/635/532
f 620/620/522 645/645/541 648/648/544
f 620/620/522 631/631/528 644/644/540
f 635/635/532 634/634/531 614/614/516
f 634/634/531 630/630/527 614/614/516
f 649/649/545 650/650/546 652/651/547
f 652/651/547 654/652/548 649/649/545
f 655/653/549 649/649/545 654/652/548
f 654/652/548 656/654/550 655/653/549
f 657/655/551 655/653/549 656/654/550
f 656/654/550 658/656/552 657/655/551
f 615/615/517 657/655/551 658/656/552
f 658/656/552 616/616/518 615/615/517
f 659/657/60 658/656/552 656/654/550
f 656/654/550 660/658/60 659/657/60
f 661/659/60 654/652/548 652/651/547
f 652/651/547 662/660/60 661/659/60
f 627/627/60 616/616/518 658/656/552
f 658/656/552 659/657/60 627/627/60
f 660/658/60 656/654/550 654/652/548
f 654/652/548 661/659/60 660/658/60
f 665/661/553 650/650/546 649/649/545
f 649/649/545 666/662/554 665/661/553
f 667/663/555 657/655/551 615/615/517
f 615/615/517 629/629/526 667/663/555
f 668/664/556 669/665/557 670/666/558
f 670/666/558 671/667/559 668/664/556
f 672/668/560 673/669/561 667/663/555
f 667/663/555 674/670/562 672/668/560
f 674/670/562 667/663/555 629/629/526
f 629/629/526 641/641/538 674/670/562
f 676/671/563 665/661/553 666/662/554
f 666/662/554 677/672/564 676/671/563
f 677/672/564 666/662/554 673/669/561
f 673/669/561 672/668/560 677/672/564
f 677/672/564 672/668/560 643/643/321
f 672/668/560 674/670/562 643/643/321
f 674/670/562 641/641/538 643/643/321
f 676/671/563 677/672/564 643/643/321
f 678/673/565 679/674/566 657/655/551
f 678/673/565 668/664/556 671/667/559
f 671/667/559 679/674/566 678/673/565
f 678/673/565 667/663/555 673/669/561
f 673/669/561 668/664/556 678/673/565
f 680/675/567 649/649/545 655/653/549
f 655/653/549 681/676/568 680/675/567
f 668/664/556 673/669/561 666/662/554
f 666/662/554 669/665/557 668/664/556
f 671/667/559 681/676/568 682/677/569
f 682/677/569 679/674/566 671/667/559
f 670/666/558 680/675/567 681/676/568
f 681/676/568 671/667/559 670/666/558
f 681/676/568 655/653/549 657/655/551
f 657/655/551 682/677/569 681/676/568
f 649/649/545 680/675/567 670/666/558
f 657/655/551 679/674/566 682/677/569
f 657/655/551 667/663/555 678/673/565
f 670/666/558 669/665/557 649/649/545
f 669/665/557 666/662/554 649/649/545
f 683/678/570 684/679/571 685/680/572
f 685/680/572 686/681/573 683/678/570
f 687/682/574 683/678/570 686/681/573
f 686/681/573 688/683/575 687/682/574
f 689/684/576 687/682/574 688/683/575
f 688/683/575 690/685/577 689/684/576
f 651/686/578 689/684/576 690/685/577
f 690/685/577 653/687/547 651/686/578
f 691/688/60 690/685/577 688/683/575
f 688/683/575 692/689/60 691/688/60
f 693/690/60 686/681/573 685/680/572
f 685/680/572 694/691/60 693/690/60
f 663/692/60 653/687/547 690/685/577
f 690/685/577 691/688/60 663/692/60
f 692/689/60 688/683/575 686/681/573
f 686/681/573 693/690/60 692/689/60
f 695/693/579 684/679/571 683/678/570
f 683/678/570 696/694/580 695/693/579
f 697/695/581 689/684/576 651/686/578
f 651/686/578 664/696/553 697/695/581
f 698/697/582 699/698/583 700/699/584
f 700/699/584 701/700/585 698/697/582
f 702/701/586 703/702/587 697/695/581
f 697/695/581 704/703/588 702/701/586
f 704/703/588 697/695/581 664/696/553
f 664/696/553 675/704/563 704/703/588
f 705/705/589 695/693/579 696/694/580
f 696/694/580 706/706/590 705/705/589
f 706/706/590 696/694/580 703/702/587
f 703/702/587 702/701/586 706/706/590
f 706/706/590 702/701/586 643/643/321
f 702/701/586 704/703/588 643/643/321
f 704/703/588 675/704/563 643/643/321
f 705/705/589 706/706/590 643/643/321
f 707/707/591 708/708/592 689/684/576
f 707/707/591 698/697/582 701/700/585
f 701/700/585 708/708/592 707/707/591
f 707/707/591 697/695/581 703/702/587
f 703/702/587 698/697/582 707/707/591
f 709/709/593 683/678/570 687/682/574
f 687/682/574 710/710/594 709/709/593
f 698/697/582 703/702/587 696/694/580
f 696/694/580 699/698/583 698/697/582
f 701/700/585 710/710/594 711/711/595
f 711/711/595 708/708/592 701/700/585
f 700/699/584 709/709/593 710/710/594
f 710/710/594 701/700/585 700/699/584
f 710/710/594 687/682/574 689/684/576
f 689/684/576 711/711/595 710/710/594
f 683/678/570 709/709/593 700/699/584
f 689/684/576 708/708/592 711/711/595
f 689/684/576 697/695/581 707/707/591
f 700/699/584 699/698/583 683/678/570
f 699/698/583 696/694/580 683/678/570
f 712/712/596 713/713/597 714/714/598
f 714/714/598 715/715/599 712/712/596
f 716/716/600 712/712/596 715/715/599
f 715/715/599 717/717/601 716/716/600
f 718/718/602 716/716/600 717/717/601
f 717/717/601 719/719/603 718/718/602
f 684/679/571 718/718/602 719/719/603
f 719/719/603 685/680/572 684/679/571
f 720/720/60 719/719/603 717/717/601
f 717/717/601 721/721/60 720/720/60
f 722/722/60 715/715/599 714/714/598
f 714/714/598 723/723/60 722/722/60
f 694/691/60 685/680/572 719/719/603
f 719/719/603 720/720/60 694/691/60
f 721/721/60 717/717/601 715/715/599
f 715/715/599 722/722/60 721/721/60
f 724/724/604 713/713/597 712/712/596
f 712/712/596 725/725/605 724/724/604
f 726/726/606 718/718/602 684/679/571
f 684/679/571 695/693/579 726/726/606
f 727/727/607 728/728/608 729/729/609
f 729/729/609 730/730/610 727/727/607
f 731/731/611 732/732/612 726/726/606
f 726/726/606 733/733/613 731/731/611
f 733/733/613 726/726/606 695/693/579
f 695/693/579 705/705/589 733/733/613
f 734/734/614 724/724/604 725/725/605
f 725/725/605 735/735/615 734/734/614
f 735/735/615 725/725/605 732/732/612
f 732/732/612 731/731/611 735/735/615
f 735/735/615 731/731/611 643/643/321
f 731/731/611 733/733/613 643/643/321
f 733/733/613 705/705/589 643/643/321
f 734/734/614 735/735/615 643/643/321
f 736/736/616 737/737/617 718/718/602
f 736/736/616 727/727/607 730/730/610
f 730/730/610 737/737/617 736/736/616
f 736/736/616 726/726/606 732/732/612
f 732/732/612 727/727/607 736/736/616
f 738/738/618 712/712/596 716/716/600
f 716/716/600 739/739/619 738/738/618
f 727/727/607 732/732/612 725/725/605
f 725/725/605 728/728/608 727/727/607
f 730/730/610 739/739/619 740/740/620
f 740/740/620 737/737/617 730/730/610
f 729/729/609 738/738/618 739/739/619
f 739/739/619 730/730/610 729/729/609
f 739/739/619 716/716/600 718/718/602
f 718/718/602 740/740/620 739/739/619
f 712/712/596 738/738/618 729/729/609
f 718/718/602 737/737/617 740/740/620
f 718/718/602 726/726/606 736/736/616
f 729/729/609 728/728/608 712/712/596
f 728/728/608 725/725/605 712/712/596
f 741/741/621 622/622/524 623/623/525
f 623/623/525 742/742/622 741/741/621
f 743/743/623 741/741/621 742/742/622
f 742/742/622 744/744/624 743/743/623
f 745/745/625 743/743/623 744/744/624
f 744/744/624 746/746/626 745/745/625
f 713/713/597 745/745/625 746/746/626
f 746/746/626 714/714/598 713/713/597
f 747/747/60 746/746/626 744/744/624
f 744/744/624 748/748/60 747/747/60
f 749/749/60 742/742/622 623/623/525
f 623/623/525 628/628/60 749/749/60
f 723/723/60 714/714/598 746/746/626
f 746/746/626 747/747/60 723/723/60
f 748/748/60 744/744/624 742/742/622
f 742/742/622 749/749/60 748/748/60
f 632/632/529 622/622/524 741/741/621
f 741/741/621 750/750/627 632/632/529
f 751/751/628 745/745/625 713/713/597
f 713/713/597 724/724/604 751/751/628
f 752/752/629 753/753/630 754/754/631
f 754/754/631 755/755/632 752/752/629
f 756/756/633 757/757/634 751/751/628
f 751/751/628 758/758/635 756/756/633
f 758/758/635 751/751/628 724/724/604
f 724/724/604 734/734/614 758/758/635
f 640/640/537 632/632/529 750/750/627
f 750/750/627 759/759/636 640/640/537
f 759/759/636 750/750/627 757/757/634
f 757/757/634 756/756/633 759/759/636
f 759/759/636 756/756/633 643/643/321
f 756/756/633 758/758/635 643/643/321
f 758/758/635 734/734/614 643/643/321
f 640/640/537 759/759/636 643/643/321
f 760/760/637 761/761/638 745/745/625
f 760/760/637 752/752/629 755/755/632
f 755/755/632 761/761/638 760/760/637
f 760/760/637 751/751/628 757/757/634
f 757/757/634 752/752/629 760/760/637
f 762/762/639 741/741/621 743/743/623
f 743/743/623 763/763/640 762/762/639
f 752/752/629 757/757/634 750/750/627
f 750/750/627 753/753/630 752/752/629
f 755/755/632 763/763/640 764/764/641
f 764/764/641 761/761/638 755/755/632
f 754/754/631 762/762/639 763/763/640
f 763/763/640 755/755/632 754/754/631
f 763/763/640 743/743/623 745/745/625
f 745/745/625 764/764/641 763/763/640
f 741/741/621 762/762/639 754/754/631
f 745/745/625 761/761/638 764/764/641
f 745/745/625 751/751/628 760/760/637
f 754/754/631 753/753/630 741/741/621
f 753/753/630 750/750/627 741/741/621
f 570/579/492 539/538/453 537/537/452
f 537/537/452 548/544/459 570/579/492
f 765/765/60 458/456/389 456/454/387
f 456/454/387 766/766/60 765/765/60
f 766/766/60 456/454/387 454/452/385
f 454/452/385 767/767/60 766/766/60
f 769/768/60 449/470/403 470/468/401
f 470/468/401 770/769/60 769/768/60
f 767/767/60 454/452/385 452/450/383
f 452/450/383 771/770/60 767/767/60
f 770/769/60 470/468/401 468/466/399
f 468/466/399 772/771/60 770/769/60
f 771/770/60 452/450/383 450/448/381
f 450/448/381 773/772/60 771/770/60
f 772/771/60 468/466/399 466/464/397
f 466/464/397 774/773/60 772/771/60
f 773/772/60 450/448/381 448/447/380
f 448/447/380 768/774/60 773/772/60
f 774/773/60 466/464/397 464/462/395
f 464/462/395 775/775/60 774/773/60
f 775/775/60 464/462/395 462/460/393
f 462/460/393 776/776/60 775/775/60
f 776/776/60 462/460/393 460/458/391
f 460/458/391 777/777/60 776/776/60
f 777/777/60 460/458/391 458/456/389
f 458/456/389 765/765/60 777/777/60
s 0
f 778/778/321 781/779/321 783/780/321
f 783/780/321 785/781/321 778/778/321
f 786/782/321 789/783/321 781/779/321
f 781/779/321 778/778/321 786/782/321
f 790/784/321 793/785/321 789/783/321
f 789/783/321 786/782/321 790/784/321
f 794/786/321 796/787/321 793/785/321
f 793/785/321 790/784/321 794/786/321
f 799/788/60 801/789/60 802/790/60
f 802/790/60 805/791/60 799/788/60
f 801/789/60 807/792/60 808/793/60
f 808/793/60 802/790/60 801/789/60
f 807/792/60 811/794/60 812/795/60
f 812/795/60 808/793/60 807/792/60
f 811/794/60 814/796/60 816/797/60
f 816/797/60 812/795/60 811/794/60
s 1
f 815/798/370 797/787/370 795/786/375
f 795/786/375 817/799/375 815/798/370
f 817/799/375 795/786/375 791/784/362
f 791/784/362 813/800/362 817/799/375
f 803/801/2 779/778/2 784/781/377
f 784/781/377 804/802/377 803/801/2
f 809/803/366 787/782/366 779/778/2
f 779/778/2 803/801/2 809/803/366
f 800/804/368 780/779/368 788/783/373
f 788/783/373 806/805/373 800/804/368
f 810/806/9 792/785/9 797/787/370
f 797/787/370 815/798/370 810/806/9
f 813/800/362 791/784/362 787/782/366
f 787/782/366 809/803/366 813/800/362
f 798/807/364 782/780/364 780/779/368
f 780/779/368 800/804/368 798/807/364
f 806/805/373 788/783/373 792/785/9
f 792/785/9 810/806/9 806/805/373
f 804/802/377 784/781/377 782/780/364
f 782/780/364 798/807/364 804/802/377
f 818/808/642 819/809/643 820/810/644
f 820/810/644 821/811/645 818/808/642
f 821/811/645 820/810/644 822/812/646
f 822/812/646 823/813/647 821/811/645
f 823/813/647 822/812/646 824/814/648
f 824/814/648 825/815/649 823/813/647
f 825/815/649 824/814/648 826/816/650
f 826/816/650 827/817/651 825/815/649
f 827/817/651 826/816/650 828/818/652
f 828/818/652 829/819/653 827/817/651
f 829/819/653 828/818/652 830/820/654
f 830/820/654 831/821/655 829/819/653
f 831/821/655 830/820/654 832/822/656
f 832/822/656 833/823/657 831/821/655
f 833/823/657 832/822/656 819/809/643
f 819/809/643 818/808/642 833/823/657
f 834/824/60 820/810/644 819/809/643
f 819/809/643 832/822/656 834/824/60
f 828/818/652 834/824/60 832/822/656
f 832/822/656 830/820/654 828/818/652
f 824/814/648 822/812/646 820/810/644
f 820/810/644 834/824/60 824/814/648
f 826/816/650 824/814/648 834/824/60
f 834/824/60 828/818/652 826/816/650
s 0
f 835/825/321 836/826/321 837/827/321
f 837/827/321 838/828/321 835/825/321
f 838/828/321 837/827/321 839/829/321
f 839/829/321 840/830/321 838/828/321
f 836/826/321 841/831/321 842/832/321
f 842/832/321 837/827/321 836/826/321
f 837/827/321 842/832/321 843/833/321
f 843/833/321 839/829/321 837/827/321
s 1
f 844/834/658 845/835/659 847/836/660
f 847/836/660 848/837/661 844/834/658
f 850/838/662 851/839/663 852/840/664
f 852/840/664 853/841/665 850/838/662
f 854/842/666 857/843/667 858/844/668
f 858/844/668 859/845/669 854/842/666
f 847/836/660 845/835/659 860/846/670
f 860/846/670 861/847/671 847/836/660
f 854/842/666 859/845/669 863/848/672
f 863/848/672 864/849/673 854/842/666
f 866/850/674 867/851/675 868/852/676
f 868/852/676 869/853/677 866/850/674
f 870/854/678 872/855/679 874/856/680
f 874/856/680 875/857/681 870/854/678
f 844/834/658 848/837/661 864/849/673
f 864/849/673 863/848/672 844/834/658
f 876/858/682 877/859/683 878/860/684
f 878/860/684 879/861/685 876/858/682
f 880/862/686 881/863/687 882/864/688
f 882/864/688 883/865/689 880/862/686
f 866/850/674 869/853/677 879/861/685
f 879/861/685 878/860/684 866/850/674
f 884/866/690 885/867/691 882/864/688
f 882/864/688 881/863/687 884/866/690
f 886/868/692 868/852/676 887/869/693
f 887/869/693 888/870/694 886/868/692
f 868/852/676 886/868/692 860/846/670
f 860/846/670 869/853/677 868/852/676
f 850/838/662 875/857/681 873/871/695
f 873/871/695 851/839/663 850/838/662
f 886/868/692 890/872/696 861/847/671
f 861/847/671 860/846/670 886/868/692
f 884/866/690 877/859/683 876/858/682
f 876/858/682 885/867/691 884/866/690
f 851/839/663 873/871/695 871/873/697
f 871/873/697 852/840/664 851/839/663
f 880/862/686 856/874/698 855/875/666
f 855/875/666 881/863/687 880/862/686
f 852/840/664 871/873/697 856/874/698
f 856/874/698 880/862/686 852/840/664
f 870/854/678 875/857/681 850/838/662
f 850/838/662 853/841/665 870/854/678
f 882/864/688 859/845/669 858/844/668
f 858/844/668 883/865/689 882/864/688
f 883/865/689 858/844/668 870/854/678
f 870/854/678 853/841/665 883/865/689
f 879/861/685 845/835/659 844/834/658
f 844/834/658 876/858/682 879/861/685
f 877/859/683 849/876/699 846/877/660
f 846/877/660 878/860/684 877/859/683
f 866/850/674 862/878/671 889/879/700
f 889/879/700 867/851/675 866/850/674
f 844/834/658 863/848/672 885/867/691
f 885/867/691 876/858/682 844/834/658
f 867/851/675 889/879/700 891/880/701
f 891/880/701 893/881/702 867/851/675
f 881/863/687 855/875/666 865/882/703
f 865/882/703 884/866/690 881/863/687
f 878/860/684 846/877/660 862/878/671
f 862/878/671 866/850/674 878/860/684
f 869/853/677 860/846/670 845/835/659
f 845/835/659 879/861/685 869/853/677
f 865/882/703 849/876/699 877/859/683
f 877/859/683 884/866/690 865/882/703
f 863/848/672 859/845/669 882/864/688
f 882/864/688 885/867/691 863/848/672
f 867/851/675 893/881/702 887/869/693
f 887/869/693 868/852/676 867/851/675
f 852/840/664 880/862/686 883/865/689
f 883/865/689 853/841/665 852/840/664
f 890/872/696 886/868/692 888/870/694
f 888/870/694 892/883/704 890/872/696
f 857/843/667 872/855/679 870/854/678
f 870/854/678 858/844/668 857/843/667
f 894/884/705 895/885/706 896/886/707
f 896/886/707 897/887/708 894/884/705
f 895/885/706 898/888/709 899/889/710
f 899/889/710 896/886/707 895/885/706
f 898/888/709 900/890/711 901/891/712
f 901/891/712 899/889/710 898/888/709
f 900/890/711 902/892/713 903/893/714
f 903/893/714 901/891/712 900/890/711
f 903/893/714 902/892/713 904/894/715
f 904/894/715 905/895/716 903/893/714
f 906/896/717 905/895/716 904/894/715
f 904/894/715 907/897/718 906/896/717
f 894/884/705 897/887/708 908/898/719
f 908/898/719 909/899/720 894/884/705
f 910/900/721 909/899/720 908/898/719
f 908/898/719 911/901/722 910/900/721
f 912/902/723 910/900/721 911/901/722
f 911/901/722 913/903/724 912/902/723
f 914/904/725 912/902/723 913/903/724
f 913/903/724 915/905/726 914/904/725
f 915/905/726 916/906/727 917/907/728
f 917/907/728 914/904/725 915/905/726
f 917/907/728 916/906/727 918/908/729
f 918/908/729 919/909/730 917/907/728
f 921/910/731 923/911/732 924/912/733
f 924/912/733 925/913/734 921/910/731
f 924/912/733 906/896/717 907/897/718
f 907/897/718 925/913/734 924/912/733
f 926/914/735 927/915/736 928/916/737
f 928/916/737 930/917/738 926/914/735
f 920/918/731 904/894/715 902/892/713
f 902/892/713 932/919/739 920/918/731
f 932/919/739 902/892/713 900/890/711
f 900/890/711 933/920/740 932/919/739
f 925/913/734 907/897/718 904/894/715
f 904/894/715 920/918/731 925/913/734
f 922/921/741 905/895/716 906/896/717
f 906/896/717 924/912/733 922/921/741
f 926/914/735 919/909/730 918/908/729
f 918/908/729 927/915/736 926/914/735
f 934/922/742 903/893/714 905/895/716
f 905/895/716 922/921/741 934/922/742
f 935/923/321 897/887/708 896/886/707
f 896/886/707 936/924/321 935/923/321
f 936/924/321 896/886/707 899/889/710
f 899/889/710 937/925/321 936/924/321
f 938/926/60 895/885/706 894/884/705
f 894/884/705 939/927/60 938/926/60
f 940/928/60 898/888/709 895/885/706
f 895/885/706 938/926/60 940/928/60
f 937/925/321 899/889/710 901/891/712
f 901/891/712 941/929/743 937/925/321
f 933/920/740 900/890/711 898/888/709
f 898/888/709 940/928/60 933/920/740
f 941/929/743 901/891/712 903/893/714
f 903/893/714 934/922/742 941/929/743
f 942/930/744 914/904/725 917/907/728
f 917/907/728 931/931/745 942/930/744
f 943/932/746 912/902/723 914/904/725
f 914/904/725 942/930/744 943/932/746
f 931/931/745 917/907/728 919/909/730
f 919/909/730 926/914/735 931/931/745
f 927/915/736 918/908/729 916/906/727
f 916/906/727 929/933/737 927/915/736
f 929/933/737 916/906/727 915/905/726
f 915/905/726 944/934/747 929/933/737
f 945/935/321 908/898/719 897/887/708
f 897/887/708 935/923/321 945/935/321
f 946/936/321 911/901/722 908/898/719
f 908/898/719 945/935/321 946/936/321
f 939/927/60 894/884/705 909/899/720
f 909/899/720 947/937/60 939/927/60
f 947/937/60 909/899/720 910/900/721
f 910/900/721 948/938/60 947/937/60
f 949/939/748 913/903/724 911/901/722
f 911/901/722 946/936/321 949/939/748
f 948/938/60 910/900/721 912/902/723
f 912/902/723 943/932/746 948/938/60
f 944/934/747 915/905/726 913/903/724
f 913/903/724 949/939/748 944/934/747
